,Normalized shuffle effect,seq_id,tile_start,tile_end,context,cell_line,tile class
18,0.402876,PLA2G4C_chr19_48110817_-,90804,95804,enhancing,GM12878,Enhancer
19,0.36852956,FCRL2_chr1_157777132_-,100804,105804,enhancing,GM12878,Enhancer
19,0.91049325,PTGIR_chr19_46625037_-,100804,105804,enhancing,GM12878,Enhancer
18,0.42353657,DNASE1L3_chr3_58214697_-,90804,95804,enhancing,GM12878,Enhancer
22,0.58213025,DNASE1L3_chr3_58214697_-,115804,120804,enhancing,GM12878,Enhancer
23,0.4197522,F2R_chr5_76716125_+,120804,125804,enhancing,GM12878,Enhancer
24,0.5530454,MAL_chr2_95025707_+,125804,130804,enhancing,GM12878,Enhancer
19,0.8687787,ADA_chr20_44651686_-,100804,105804,enhancing,GM12878,Enhancer
22,0.4430094,SEPTIN3_chr22_41976809_+,115804,120804,enhancing,GM12878,Enhancer
19,0.438717,TMCC2_chr1_205227945_+,100804,105804,enhancing,GM12878,Enhancer
20,0.30986178,TMCC2_chr1_205227945_+,105804,110804,enhancing,GM12878,Enhancer
19,0.43440208,OASL_chr12_121038980_-,100804,105804,enhancing,GM12878,Enhancer
18,0.32730174,JAML_chr11_118225021_-,90804,95804,enhancing,GM12878,Enhancer
15,0.45795757,GPR82_chrX_41724180_+,75804,80804,enhancing,GM12878,Enhancer
18,0.3337262,GPR82_chrX_41724180_+,90804,95804,enhancing,GM12878,Enhancer
20,0.351927,GPR82_chrX_41724180_+,105804,110804,enhancing,GM12878,Enhancer
20,0.33202863,CASP10_chr2_201183126_+,105804,110804,enhancing,GM12878,Enhancer
17,0.34302446,CCDC106_chr19_55648211_+,85804,90804,enhancing,GM12878,Enhancer
19,0.9253945,CCDC106_chr19_55648211_+,100804,105804,enhancing,GM12878,Enhancer
17,0.3947186,PTPMT1_chr11_47565598_+,85804,90804,enhancing,GM12878,Enhancer
18,0.5364007,PTPMT1_chr11_47565598_+,90804,95804,enhancing,GM12878,Enhancer
19,0.92236525,PTPMT1_chr11_47565598_+,100804,105804,enhancing,GM12878,Enhancer
20,0.4641654,PTPMT1_chr11_47565598_+,105804,110804,enhancing,GM12878,Enhancer
18,0.4019196,TYROBP_chr19_35908295_-,90804,95804,enhancing,GM12878,Enhancer
19,0.6235861,TYROBP_chr19_35908295_-,100804,105804,enhancing,GM12878,Enhancer
18,0.30297184,FAM120C_chrX_54183254_-,90804,95804,enhancing,GM12878,Enhancer
19,0.4377718,BTK_chrX_101386191_-,100804,105804,enhancing,GM12878,Enhancer
21,0.39048234,BTK_chrX_101386191_-,110804,115804,enhancing,GM12878,Enhancer
19,0.50312865,PEDS1_chr20_50153723_-,100804,105804,enhancing,GM12878,Enhancer
19,0.583993,NME6_chr3_48301394_-,100804,105804,enhancing,GM12878,Enhancer
20,0.325026,MEST_chr7_130486341_+,105804,110804,enhancing,GM12878,Enhancer
19,0.51676404,FAM78A_chr9_131276510_-,100804,105804,enhancing,GM12878,Enhancer
19,0.44550088,GEMIN6_chr2_38778209_+,100804,105804,enhancing,GM12878,Enhancer
26,0.4395225,BASP1_chr5_17217630_+,135804,140804,enhancing,GM12878,Enhancer
20,0.34636316,PHF10_chr6_169724500_-,105804,110804,enhancing,GM12878,Enhancer
22,0.4558713,DTX1_chr12_113056729_+,115804,120804,enhancing,GM12878,Enhancer
16,0.9509219,KHDRBS2_chr6_62286225_-,80804,85804,enhancing,GM12878,Enhancer
16,0.4269495,MTARC2_chr1_220748268_+,80804,85804,enhancing,GM12878,Enhancer
19,0.32434312,MTARC2_chr1_220748268_+,100804,105804,enhancing,GM12878,Enhancer
18,0.4885568,ENSG00000285382_chr20_32743523_-,90804,95804,enhancing,GM12878,Enhancer
19,0.36459804,ENSG00000285382_chr20_32743523_-,100804,105804,enhancing,GM12878,Enhancer
20,0.33522457,ENSG00000285382_chr20_32743523_-,105804,110804,enhancing,GM12878,Enhancer
22,0.35718256,ENSG00000285382_chr20_32743523_-,115804,120804,enhancing,GM12878,Enhancer
26,0.4589951,ENSG00000285382_chr20_32743523_-,135804,140804,enhancing,GM12878,Enhancer
18,0.30679423,DENND2D_chr1_111200646_-,90804,95804,enhancing,GM12878,Enhancer
18,0.42602295,MEOX1_chr17_43661922_-,90804,95804,enhancing,GM12878,Enhancer
19,0.648287,MEOX1_chr17_43661922_-,100804,105804,enhancing,GM12878,Enhancer
21,0.563667,MEOX1_chr17_43661922_-,110804,115804,enhancing,GM12878,Enhancer
22,0.3594333,MEOX1_chr17_43661922_-,115804,120804,enhancing,GM12878,Enhancer
18,0.33423117,TGFBR3_chr1_91886151_-,90804,95804,enhancing,GM12878,Enhancer
20,0.32735005,TGFBR3_chr1_91886151_-,105804,110804,enhancing,GM12878,Enhancer
34,0.36528486,TGFBR3_chr1_91886151_-,175804,180804,enhancing,GM12878,Enhancer
19,0.367711,C19orf38_chr19_10848414_+,100804,105804,enhancing,GM12878,Enhancer
18,0.31043977,HPDL_chr1_45326894_+,90804,95804,enhancing,GM12878,Enhancer
17,0.4039388,IQSEC1_chr3_13073429_-,85804,90804,enhancing,GM12878,Enhancer
19,0.31245098,IQSEC1_chr3_13073429_-,100804,105804,enhancing,GM12878,Enhancer
16,0.40324038,ANKLE1_chr19_17281876_+,80804,85804,enhancing,GM12878,Enhancer
17,0.3595821,NCOA6_chr20_34825630_-,85804,90804,enhancing,GM12878,Enhancer
16,0.32928133,AICDA_chr12_8612867_-,80804,85804,enhancing,GM12878,Enhancer
19,0.37674946,AICDA_chr12_8612867_-,100804,105804,enhancing,GM12878,Enhancer
20,0.30002713,AICDA_chr12_8612867_-,105804,110804,enhancing,GM12878,Enhancer
19,0.60102683,LY6E_chr8_143018528_+,100804,105804,enhancing,GM12878,Enhancer
20,0.34365976,DHRS13_chr17_28902965_-,105804,110804,enhancing,GM12878,Enhancer
17,0.33000994,CD5_chr11_61102488_+,85804,90804,enhancing,GM12878,Enhancer
17,0.74626297,ODF3B_chr22_50532184_-,85804,90804,enhancing,GM12878,Enhancer
17,0.37596655,JCHAIN_chr4_70666508_-,85804,90804,enhancing,GM12878,Enhancer
19,0.55899185,MILR1_chr17_64449168_+,100804,105804,enhancing,GM12878,Enhancer
21,0.3043786,GATM_chr15_45378544_-,110804,115804,enhancing,GM12878,Enhancer
19,0.38388452,CR1_chr1_207496242_+,100804,105804,enhancing,GM12878,Enhancer
19,0.6779086,PKIG_chr20_44582578_+,100804,105804,enhancing,GM12878,Enhancer
18,0.31365335,SUOX_chr12_55997287_+,90804,95804,enhancing,GM12878,Enhancer
19,0.54134417,LIPH_chr3_185552588_-,100804,105804,enhancing,GM12878,Enhancer
20,0.3045248,COMMD7_chr20_32743467_-,105804,110804,enhancing,GM12878,Enhancer
22,0.45494822,COMMD7_chr20_32743467_-,115804,120804,enhancing,GM12878,Enhancer
26,0.50477123,COMMD7_chr20_32743467_-,135804,140804,enhancing,GM12878,Enhancer
17,0.3091424,LRR1_chr14_49598939_+,85804,90804,enhancing,GM12878,Enhancer
18,0.5645023,LRR1_chr14_49598939_+,90804,95804,enhancing,GM12878,Enhancer
19,0.47727823,LRR1_chr14_49598939_+,100804,105804,enhancing,GM12878,Enhancer
15,0.83974123,FEZ1_chr11_125496277_-,75804,80804,enhancing,GM12878,Enhancer
18,0.33701974,FEZ1_chr11_125496277_-,90804,95804,enhancing,GM12878,Enhancer
15,0.3301799,SCNN1B_chr16_23302301_+,75804,80804,enhancing,GM12878,Enhancer
22,0.31027645,SCNN1B_chr16_23302301_+,115804,120804,enhancing,GM12878,Enhancer
25,0.7871451,SCNN1B_chr16_23302301_+,130804,135804,enhancing,GM12878,Enhancer
19,0.41831255,PGBD1_chr6_28281571_+,100804,105804,enhancing,GM12878,Enhancer
20,0.6418318,RP9_chr7_33109404_-,105804,110804,enhancing,GM12878,Enhancer
23,0.33109346,C8orf88_chr8_90985238_-,120804,125804,enhancing,GM12878,Enhancer
19,0.48268968,PTMS_chr12_6766143_+,100804,105804,enhancing,GM12878,Enhancer
19,0.79732454,TSPYL2_chrX_53082366_+,100804,105804,enhancing,GM12878,Enhancer
19,0.3277875,MCTS2_chr20_31547378_+,100804,105804,enhancing,GM12878,Enhancer
18,0.43214732,PAFAH1B3_chr19_42302624_-,90804,95804,enhancing,GM12878,Enhancer
19,0.7400023,PAFAH1B3_chr19_42302624_-,100804,105804,enhancing,GM12878,Enhancer
19,0.43500808,GPR160_chr3_170037994_+,100804,105804,enhancing,GM12878,Enhancer
18,0.34957385,ANKRD65_chr1_1421260_-,90804,95804,enhancing,GM12878,Enhancer
19,0.7603137,ANKRD65_chr1_1421260_-,100804,105804,enhancing,GM12878,Enhancer
31,0.31052852,PEX5L_chr3_180036926_-,160804,165804,enhancing,GM12878,Enhancer
19,0.4897056,ITGAM_chr16_31259966_+,100804,105804,enhancing,GM12878,Enhancer
17,0.32434532,ENSG00000268643_chr19_42255132_-,85804,90804,enhancing,GM12878,Enhancer
18,0.40394104,MARK4_chr19_45251270_+,90804,95804,enhancing,GM12878,Enhancer
18,0.3398053,RBL1_chr20_37095997_-,90804,95804,enhancing,GM12878,Enhancer
20,0.3170541,RBL1_chr20_37095997_-,105804,110804,enhancing,GM12878,Enhancer
18,0.46904567,ITGAX_chr16_31355175_+,90804,95804,enhancing,GM12878,Enhancer
19,0.6382742,CD27_chr12_6444954_+,100804,105804,enhancing,GM12878,Enhancer
17,0.5023676,ALDH2_chr12_111766932_+,85804,90804,enhancing,GM12878,Enhancer
19,0.70890385,ALDH2_chr12_111766932_+,100804,105804,enhancing,GM12878,Enhancer
19,0.40192202,SPATC1_chr8_144012279_+,100804,105804,enhancing,GM12878,Enhancer
20,0.5937345,SPATC1_chr8_144012279_+,105804,110804,enhancing,GM12878,Enhancer
21,0.340332,SPATC1_chr8_144012279_+,110804,115804,enhancing,GM12878,Enhancer
20,0.386014,SLC27A2_chr15_50182232_+,105804,110804,enhancing,GM12878,Enhancer
18,0.68444806,CSTA_chr3_122325261_+,90804,95804,enhancing,GM12878,Enhancer
18,0.39571154,FLVCR2_chr14_75605461_+,90804,95804,enhancing,GM12878,Enhancer
25,0.3025503,FLVCR2_chr14_75605461_+,130804,135804,enhancing,GM12878,Enhancer
19,0.4756724,MYRF_chr11_61752635_+,100804,105804,enhancing,GM12878,Enhancer
19,0.39208916,MSC_chr8_71844412_-,100804,105804,enhancing,GM12878,Enhancer
22,0.394179,ENG_chr9_127854658_-,115804,120804,enhancing,GM12878,Enhancer
25,0.36103553,CACNA2D1_chr7_82443777_-,130804,135804,enhancing,GM12878,Enhancer
19,0.30590826,PRTFDC1_chr10_24952592_-,100804,105804,enhancing,GM12878,Enhancer
19,0.33049423,SAMD1_chr19_14090751_-,100804,105804,enhancing,GM12878,Enhancer
20,0.40474153,SAMD1_chr19_14090751_-,105804,110804,enhancing,GM12878,Enhancer
18,0.85706156,SSX2B_chrX_52751268_+,90804,95804,enhancing,GM12878,Enhancer
19,0.92047226,SSX2B_chrX_52751268_+,100804,105804,enhancing,GM12878,Enhancer
20,0.32033184,SSX2B_chrX_52751268_+,105804,110804,enhancing,GM12878,Enhancer
17,0.36527753,POPDC3_chr6_105180014_-,85804,90804,enhancing,GM12878,Enhancer
19,0.43155986,POPDC3_chr6_105180014_-,100804,105804,enhancing,GM12878,Enhancer
22,0.8108588,POPDC3_chr6_105180014_-,115804,120804,enhancing,GM12878,Enhancer
22,0.7132766,SH2B2_chr7_102286867_+,115804,120804,enhancing,GM12878,Enhancer
19,0.6071965,FGL2_chr7_77199819_-,100804,105804,enhancing,GM12878,Enhancer
17,0.53265196,ITK_chr5_157180839_+,85804,90804,enhancing,GM12878,Enhancer
19,0.40985274,TUBB2B_chr6_3227653_-,100804,105804,enhancing,GM12878,Enhancer
22,0.39390364,TUBB2B_chr6_3227653_-,115804,120804,enhancing,GM12878,Enhancer
17,0.50416464,MS4A14_chr11_60378529_+,85804,90804,enhancing,GM12878,Enhancer
20,0.30898798,NUDT13_chr10_73110454_+,105804,110804,enhancing,GM12878,Enhancer
19,0.4712337,IL10_chr1_206772494_-,100804,105804,enhancing,GM12878,Enhancer
19,0.40549362,PTPRJ_chr11_47980579_+,100804,105804,enhancing,GM12878,Enhancer
34,0.36233133,CHL1_chr3_196762_+,175804,180804,enhancing,GM12878,Enhancer
14,0.3152833,ZNF90_chr19_20077999_+,70804,75804,enhancing,GM12878,Enhancer
16,0.36838973,ZNF727_chr7_64045433_+,80804,85804,enhancing,GM12878,Enhancer
17,0.670879,ZNF727_chr7_64045433_+,85804,90804,enhancing,GM12878,Enhancer
18,0.60438645,ZNF727_chr7_64045433_+,90804,95804,enhancing,GM12878,Enhancer
18,0.6413042,CD1C_chr1_158289922_+,90804,95804,enhancing,GM12878,Enhancer
18,0.47414127,PLEKHM3_chr2_208025527_-,90804,95804,enhancing,GM12878,Enhancer
18,0.53206545,VNN2_chr6_132763447_-,90804,95804,enhancing,GM12878,Enhancer
19,0.80866164,CTLA4_chr2_203867770_+,100804,105804,enhancing,GM12878,Enhancer
18,0.6556181,CKB_chr14_103522830_-,90804,95804,enhancing,GM12878,Enhancer
19,0.8002445,CKB_chr14_103522830_-,100804,105804,enhancing,GM12878,Enhancer
19,0.69008565,TNFRSF18_chr1_1206571_-,100804,105804,enhancing,GM12878,Enhancer
19,0.47067252,CD44_chr11_35139169_+,100804,105804,enhancing,GM12878,Enhancer
18,0.32637817,ZNF681_chr19_23758891_-,90804,95804,enhancing,GM12878,Enhancer
24,-0.365633,HS3ST3B1_chr17_14301080_+,125804,130804,silencing,GM12878,Silencer
25,-0.7043576,ZNF595_chr4_53294_+,130804,135804,silencing,GM12878,Silencer
20,-0.7429497,ZNF555_chr19_2841474_+,105804,110804,silencing,GM12878,Silencer
20,-0.35813493,EMILIN2_chr18_2847005_+,105804,110804,silencing,GM12878,Silencer
21,-1.1076802,ZNF599_chr19_34773229_-,110804,115804,silencing,GM12878,Silencer
19,-0.32309455,ZNF717_chr3_75785549_-,100804,105804,silencing,GM12878,Silencer
16,-0.3837669,FBXW5_chr9_136944738_-,80804,85804,silencing,GM12878,Silencer
23,-1.0411768,ZNF606_chr19_58002819_-,120804,125804,silencing,GM12878,Silencer
20,-0.46402898,TFPI_chr2_187554438_-,105804,110804,silencing,GM12878,Silencer
21,-0.7177154,TFPI_chr2_187554438_-,110804,115804,silencing,GM12878,Silencer
22,-1.0428625,ZNF322_chr6_26659752_-,115804,120804,silencing,GM12878,Silencer
19,-0.46237576,ZNF324B_chr19_58451646_+,100804,105804,silencing,GM12878,Silencer
20,-0.36566073,ZNF549_chr19_57527355_+,105804,110804,silencing,GM12878,Silencer
19,-0.593159,ZNF324_chr19_58467055_+,100804,105804,silencing,GM12878,Silencer
27,-0.37255913,DOCK4_chr7_112206399_-,140804,145804,silencing,GM12878,Silencer
18,-0.4563599,DMXL2_chr15_51622771_-,90804,95804,silencing,GM12878,Silencer
20,-0.44207808,ZNF17_chr19_57411178_+,105804,110804,silencing,GM12878,Silencer
19,-0.7296269,ZNF597_chr16_3443504_-,100804,105804,silencing,GM12878,Silencer
19,-0.31665775,CCND1_chr11_69641155_+,100804,105804,silencing,GM12878,Silencer
19,-0.83400023,KBTBD8_chr3_66998306_+,100804,105804,silencing,GM12878,Silencer
20,-0.8808502,ZNF485_chr10_43606425_+,105804,110804,silencing,GM12878,Silencer
22,-0.61952585,ZNF14_chr19_19733112_-,115804,120804,silencing,GM12878,Silencer
19,-0.6040996,ENSG00000269026_chr19_57682044_+,100804,105804,silencing,GM12878,Silencer
20,-0.3402665,ENSG00000269026_chr19_57682044_+,105804,110804,silencing,GM12878,Silencer
19,-0.37461868,ZNF37A_chr10_38094335_+,100804,105804,silencing,GM12878,Silencer
23,-0.8739603,ZNF37A_chr10_38094335_+,120804,125804,silencing,GM12878,Silencer
19,-0.48427847,PLD5P1_chr10_38094367_+,100804,105804,silencing,GM12878,Silencer
23,-1.1564109,PLD5P1_chr10_38094367_+,120804,125804,silencing,GM12878,Silencer
19,-0.5551536,ZNF551_chr19_57682034_+,100804,105804,silencing,GM12878,Silencer
20,-0.30108744,ZNF551_chr19_57682034_+,105804,110804,silencing,GM12878,Silencer
21,-0.9890973,ZNF12_chr7_6706923_-,110804,115804,silencing,GM12878,Silencer
22,-0.44182816,ZNF229_chr19_44448472_-,115804,120804,silencing,GM12878,Silencer
21,-0.62453324,RSBN1_chr1_113812289_-,110804,115804,silencing,GM12878,Silencer
23,-0.53257674,ZNF700_chr19_11925106_+,120804,125804,silencing,GM12878,Silencer
23,-0.49966285,ENSG00000267179_chr19_11925110_+,120804,125804,silencing,GM12878,Silencer
24,-0.34140688,UBE2N_chr12_93441943_-,125804,130804,silencing,GM12878,Silencer
31,-0.3047905,UBE2N_chr12_93441943_-,160804,165804,silencing,GM12878,Silencer
22,-0.9766979,RBAK_chr7_5045820_+,115804,120804,silencing,GM12878,Silencer
29,-0.36896107,TMTC3_chr12_88142306_+,150804,155804,silencing,GM12878,Silencer
21,-0.929293,ZNF260_chr19_36528268_-,110804,115804,silencing,GM12878,Silencer
21,-1.301424,ZNF286A-TBC1D26_chr17_15699740_+,110804,115804,silencing,GM12878,Silencer
19,-0.36245996,SLC35G1_chr10_93893972_+,100804,105804,silencing,GM12878,Silencer
22,-0.53105664,ZNF850_chr19_36772814_-,115804,120804,silencing,GM12878,Silencer
23,-0.6524524,ZNF850_chr19_36772814_-,120804,125804,silencing,GM12878,Silencer
19,-0.37260345,ZNF416_chr19_57578911_-,100804,105804,silencing,GM12878,Silencer
21,-1.3425542,ZNF286A_chr17_15699718_+,110804,115804,silencing,GM12878,Silencer
22,-0.6772569,ZNF510_chr9_96778087_-,115804,120804,silencing,GM12878,Silencer
19,-0.77988607,TMEM160_chr19_47048624_-,100804,105804,silencing,GM12878,Silencer
21,-0.36855453,ZNF275_chrX_153334152_+,110804,115804,silencing,GM12878,Silencer
22,-0.34388468,FOXO3B_chr17_18682314_-,115804,120804,silencing,GM12878,Silencer
22,-0.4801464,ZNF268_chr12_133181521_+,115804,120804,silencing,GM12878,Silencer
21,-0.40892494,USPL1_chr13_30617936_+,110804,115804,silencing,GM12878,Silencer
14,0.34599602,SOSTDC1_chr7_16465738_-,70804,75804,enhancing,K562,Enhancer
19,0.38465637,SOSTDC1_chr7_16465738_-,100804,105804,enhancing,K562,Enhancer
18,0.35319448,ABCA8_chr17_68955392_-,90804,95804,enhancing,K562,Enhancer
27,0.31438836,ABCA8_chr17_68955392_-,140804,145804,enhancing,K562,Enhancer
18,0.32368222,VSTM4_chr10_49115522_-,90804,95804,enhancing,K562,Enhancer
19,0.42776215,CHST2_chr3_143119770_+,100804,105804,enhancing,K562,Enhancer
19,0.73880756,MYEOV_chr11_69294157_+,100804,105804,enhancing,K562,Enhancer
19,0.95852035,HTR1F_chr3_87792705_+,100804,105804,enhancing,K562,Enhancer
17,0.5926749,ANXA3_chr4_78551746_+,85804,90804,enhancing,K562,Enhancer
18,0.6425675,ANXA3_chr4_78551746_+,90804,95804,enhancing,K562,Enhancer
22,0.4761118,ANXA3_chr4_78551746_+,115804,120804,enhancing,K562,Enhancer
28,0.7881587,ANXA3_chr4_78551746_+,145804,150804,enhancing,K562,Enhancer
10,0.63071567,PTPN22_chr1_113871712_-,50804,55804,enhancing,K562,Enhancer
18,0.5386627,PTPN22_chr1_113871712_-,90804,95804,enhancing,K562,Enhancer
10,0.6340335,HACD1_chr10_17617367_-,50804,55804,enhancing,K562,Enhancer
18,0.38041428,ETV1_chr7_13989676_-,90804,95804,enhancing,K562,Enhancer
14,0.36368978,RAB27B_chr18_54828476_+,70804,75804,enhancing,K562,Enhancer
16,0.3867451,PGR_chr11_101129813_-,80804,85804,enhancing,K562,Enhancer
19,0.484623,PGR_chr11_101129813_-,100804,105804,enhancing,K562,Enhancer
19,0.56512177,GADD45GIP1_chr19_12957223_-,100804,105804,enhancing,K562,Enhancer
19,0.8737248,FMNL1_chr17_45221884_+,100804,105804,enhancing,K562,Enhancer
17,0.38429213,SLC35G2_chr3_136819083_+,85804,90804,enhancing,K562,Enhancer
20,0.3418833,COMMD6_chr13_75537841_-,105804,110804,enhancing,K562,Enhancer
22,0.3078882,UNC5B_chr10_71212569_+,115804,120804,enhancing,K562,Enhancer
24,0.38757583,UNC5B_chr10_71212569_+,125804,130804,enhancing,K562,Enhancer
19,0.5395864,SLCO4C1_chr5_102296284_-,100804,105804,enhancing,K562,Enhancer
20,0.45338288,SLCO4C1_chr5_102296284_-,105804,110804,enhancing,K562,Enhancer
32,0.31656575,SLCO4C1_chr5_102296284_-,165804,170804,enhancing,K562,Enhancer
19,0.49737403,CCPG1_chr15_55408306_-,100804,105804,enhancing,K562,Enhancer
18,0.7520102,UGT8_chr4_114598806_+,90804,95804,enhancing,K562,Enhancer
16,0.5755618,CCDC113_chr16_58249935_+,80804,85804,enhancing,K562,Enhancer
18,0.5135363,CCDC113_chr16_58249935_+,90804,95804,enhancing,K562,Enhancer
21,0.33407956,CCDC113_chr16_58249935_+,110804,115804,enhancing,K562,Enhancer
24,0.33698037,CCDC113_chr16_58249935_+,125804,130804,enhancing,K562,Enhancer
17,0.30348963,TESPA1_chr12_54984762_-,85804,90804,enhancing,K562,Enhancer
18,0.74733,TESPA1_chr12_54984762_-,90804,95804,enhancing,K562,Enhancer
19,0.9347062,TESPA1_chr12_54984762_-,100804,105804,enhancing,K562,Enhancer
19,0.72734433,POPDC3_chr6_105180014_-,100804,105804,enhancing,K562,Enhancer
22,0.8689966,POPDC3_chr6_105180014_-,115804,120804,enhancing,K562,Enhancer
27,0.5571576,POPDC3_chr6_105180014_-,140804,145804,enhancing,K562,Enhancer
19,0.3876003,CCND3_chr6_42048708_-,100804,105804,enhancing,K562,Enhancer
14,0.5503942,TXNDC2_chr18_9885972_+,70804,75804,enhancing,K562,Enhancer
16,0.32036626,TXNDC2_chr18_9885972_+,80804,85804,enhancing,K562,Enhancer
17,0.9924512,TXNDC2_chr18_9885972_+,85804,90804,enhancing,K562,Enhancer
18,0.36818013,TXNDC2_chr18_9885972_+,90804,95804,enhancing,K562,Enhancer
20,0.32608095,TXNDC2_chr18_9885972_+,105804,110804,enhancing,K562,Enhancer
20,0.4512369,GEMIN7_chr19_45079268_+,105804,110804,enhancing,K562,Enhancer
18,0.49298847,F2R_chr5_76716125_+,90804,95804,enhancing,K562,Enhancer
20,0.3514967,F2R_chr5_76716125_+,105804,110804,enhancing,K562,Enhancer
23,0.5776035,F2R_chr5_76716125_+,120804,125804,enhancing,K562,Enhancer
13,0.5078215,LGALS9_chr17_27631147_+,65804,70804,enhancing,K562,Enhancer
17,0.4494289,LGALS9_chr17_27631147_+,85804,90804,enhancing,K562,Enhancer
19,0.98246163,LGALS9_chr17_27631147_+,100804,105804,enhancing,K562,Enhancer
21,0.32130155,LGALS9_chr17_27631147_+,110804,115804,enhancing,K562,Enhancer
19,0.30635735,NUP85_chr17_75205678_+,100804,105804,enhancing,K562,Enhancer
19,0.3780434,ALDOC_chr17_28576885_-,100804,105804,enhancing,K562,Enhancer
18,0.9811065,MACC1_chr7_20217404_-,90804,95804,enhancing,K562,Enhancer
21,0.3939866,RAB2B_chr14_21476909_-,110804,115804,enhancing,K562,Enhancer
19,0.3423697,MYC_chr8_127736083_+,100804,105804,enhancing,K562,Enhancer
18,0.5308313,DUXA_chr19_57167485_-,90804,95804,enhancing,K562,Enhancer
20,0.38010508,DUXA_chr19_57167485_-,105804,110804,enhancing,K562,Enhancer
18,0.41491064,MYADM_chr19_53867882_+,90804,95804,enhancing,K562,Enhancer
19,0.62142295,MYADM_chr19_53867882_+,100804,105804,enhancing,K562,Enhancer
20,0.36206284,MYADM_chr19_53867882_+,105804,110804,enhancing,K562,Enhancer
26,0.52019703,MYADM_chr19_53867882_+,135804,140804,enhancing,K562,Enhancer
8,0.56196445,HAND2_chr4_173530229_-,40804,45804,enhancing,K562,Enhancer
19,0.8377674,HAND2_chr4_173530229_-,100804,105804,enhancing,K562,Enhancer
19,0.47146007,ATG101_chr12_52069977_+,100804,105804,enhancing,K562,Enhancer
17,0.4133638,HPGDS_chr4_94342836_-,85804,90804,enhancing,K562,Enhancer
18,0.5814957,HPGDS_chr4_94342836_-,90804,95804,enhancing,K562,Enhancer
19,0.35468745,HPGDS_chr4_94342836_-,100804,105804,enhancing,K562,Enhancer
27,0.35288465,HPGDS_chr4_94342836_-,140804,145804,enhancing,K562,Enhancer
16,0.31615955,NETO2_chr16_47143945_-,80804,85804,enhancing,K562,Enhancer
19,0.36542252,CXCL2_chr4_74099195_-,100804,105804,enhancing,K562,Enhancer
26,0.5273615,CXCL2_chr4_74099195_-,135804,140804,enhancing,K562,Enhancer
10,0.7124828,EDARADD_chr1_236395412_+,50804,55804,enhancing,K562,Enhancer
15,0.43761903,EDARADD_chr1_236395412_+,75804,80804,enhancing,K562,Enhancer
19,0.3768446,EDARADD_chr1_236395412_+,100804,105804,enhancing,K562,Enhancer
25,0.4648585,EDARADD_chr1_236395412_+,130804,135804,enhancing,K562,Enhancer
15,0.6262885,NKG7_chr19_51372640_-,75804,80804,enhancing,K562,Enhancer
19,0.3304554,NKG7_chr19_51372640_-,100804,105804,enhancing,K562,Enhancer
20,0.31692883,NKG7_chr19_51372640_-,105804,110804,enhancing,K562,Enhancer
25,0.31923956,NKG7_chr19_51372640_-,130804,135804,enhancing,K562,Enhancer
18,0.36332077,DAB2_chr5_39424980_-,90804,95804,enhancing,K562,Enhancer
19,0.47952583,DAB2_chr5_39424980_-,100804,105804,enhancing,K562,Enhancer
23,0.70501816,DAB2_chr5_39424980_-,120804,125804,enhancing,K562,Enhancer
19,0.36271247,ITGB3_chr17_47253826_+,100804,105804,enhancing,K562,Enhancer
19,0.4511544,GATA2_chr3_128487916_-,100804,105804,enhancing,K562,Enhancer
19,0.8476915,CREG1_chr1_167553762_-,100804,105804,enhancing,K562,Enhancer
18,0.3166407,SYT10_chr12_33439819_-,90804,95804,enhancing,K562,Enhancer
17,0.393831,CPA3_chr3_148865295_+,85804,90804,enhancing,K562,Enhancer
18,0.34058696,CPA3_chr3_148865295_+,90804,95804,enhancing,K562,Enhancer
21,0.8355718,CPA3_chr3_148865295_+,110804,115804,enhancing,K562,Enhancer
22,0.48352128,CPA3_chr3_148865295_+,115804,120804,enhancing,K562,Enhancer
19,0.897513,MYL9_chr20_36541518_+,100804,105804,enhancing,K562,Enhancer
20,0.814249,MYL9_chr20_36541518_+,105804,110804,enhancing,K562,Enhancer
19,0.3133814,CELSR2_chr1_109249538_+,100804,105804,enhancing,K562,Enhancer
17,0.56573635,TRIB2_chr2_12716935_+,85804,90804,enhancing,K562,Enhancer
18,0.41600013,ENSG00000288796_chr4_73988160_-,90804,95804,enhancing,K562,Enhancer
27,0.54191315,SEMA7A_chr15_74433958_-,140804,145804,enhancing,K562,Enhancer
12,0.5509981,PRRT3_chr3_9952408_-,60804,65804,enhancing,K562,Enhancer
14,0.3647461,PRRT3_chr3_9952408_-,70804,75804,enhancing,K562,Enhancer
15,0.41976327,PRRT3_chr3_9952408_-,75804,80804,enhancing,K562,Enhancer
17,0.38517255,PRRT3_chr3_9952408_-,85804,90804,enhancing,K562,Enhancer
19,0.88093525,PRRT3_chr3_9952408_-,100804,105804,enhancing,K562,Enhancer
20,0.4313659,PRRT3_chr3_9952408_-,105804,110804,enhancing,K562,Enhancer
21,0.31993517,PRRT3_chr3_9952408_-,110804,115804,enhancing,K562,Enhancer
22,0.48795298,PRRT3_chr3_9952408_-,115804,120804,enhancing,K562,Enhancer
19,0.4703183,FOXL2_chr3_138947137_-,100804,105804,enhancing,K562,Enhancer
19,0.44370964,TMEM273_chr10_49188354_-,100804,105804,enhancing,K562,Enhancer
16,0.3048164,ACSM3_chr16_20764013_+,80804,85804,enhancing,K562,Enhancer
20,0.61688966,RP9_chr7_33109404_-,105804,110804,enhancing,K562,Enhancer
21,0.31416616,DDX19B_chr16_70299161_+,110804,115804,enhancing,K562,Enhancer
18,0.41394582,SLC22A23_chr6_3457022_-,90804,95804,enhancing,K562,Enhancer
20,0.31719968,SLC22A23_chr6_3457022_-,105804,110804,enhancing,K562,Enhancer
31,0.6695803,SLC22A23_chr6_3457022_-,160804,165804,enhancing,K562,Enhancer
19,0.8249349,GAD1_chr2_170816886_+,100804,105804,enhancing,K562,Enhancer
18,0.48899227,POU2F3_chr11_120236639_+,90804,95804,enhancing,K562,Enhancer
15,0.51585865,AHSP_chr16_31527899_+,75804,80804,enhancing,K562,Enhancer
15,0.31121695,AKR1C3_chr10_5094413_+,75804,80804,enhancing,K562,Enhancer
18,0.62106127,FOXL2NB_chr3_138947216_+,90804,95804,enhancing,K562,Enhancer
17,0.5448571,GABRE_chrX_151974676_-,85804,90804,enhancing,K562,Enhancer
18,0.34476545,GABRE_chrX_151974676_-,90804,95804,enhancing,K562,Enhancer
19,0.7730597,GABRE_chrX_151974676_-,100804,105804,enhancing,K562,Enhancer
19,0.36526147,NEK9_chr14_75127048_-,100804,105804,enhancing,K562,Enhancer
22,0.32823485,CA13_chr8_85245457_+,115804,120804,enhancing,K562,Enhancer
16,0.99345464,SLAMF6_chr1_160523262_-,80804,85804,enhancing,K562,Enhancer
24,0.37931028,SLAMF6_chr1_160523262_-,125804,130804,enhancing,K562,Enhancer
16,0.30969706,MARCHF9_chr12_57755102_+,80804,85804,enhancing,K562,Enhancer
17,0.7202815,KISS1R_chr19_917332_+,85804,90804,enhancing,K562,Enhancer
21,0.33006126,STX3_chr11_59755375_+,110804,115804,enhancing,K562,Enhancer
19,0.7447681,ABO_chr9_133275219_-,100804,105804,enhancing,K562,Enhancer
19,0.34273928,SCRN1_chr7_29989801_-,100804,105804,enhancing,K562,Enhancer
17,0.3072362,PGBD1_chr6_28281571_+,85804,90804,enhancing,K562,Enhancer
19,0.5001107,PGBD1_chr6_28281571_+,100804,105804,enhancing,K562,Enhancer
19,0.6890541,THPO_chr3_184378207_-,100804,105804,enhancing,K562,Enhancer
20,0.33261737,THPO_chr3_184378207_-,105804,110804,enhancing,K562,Enhancer
12,0.69712406,CCDC80_chr3_112641143_-,60804,65804,enhancing,K562,Enhancer
18,0.3902197,CCDC80_chr3_112641143_-,90804,95804,enhancing,K562,Enhancer
19,0.4049548,CCDC80_chr3_112641143_-,100804,105804,enhancing,K562,Enhancer
20,0.37857047,CCDC80_chr3_112641143_-,105804,110804,enhancing,K562,Enhancer
18,0.8789731,MMP19_chr12_55842936_-,90804,95804,enhancing,K562,Enhancer
21,0.62392664,MMP19_chr12_55842936_-,110804,115804,enhancing,K562,Enhancer
18,0.35989514,MAP3K6_chr1_27366858_-,90804,95804,enhancing,K562,Enhancer
19,0.30894282,MAP3K6_chr1_27366858_-,100804,105804,enhancing,K562,Enhancer
18,0.33146542,MLLT11_chr1_151060396_+,90804,95804,enhancing,K562,Enhancer
19,0.5385741,SORT1_chr1_109397918_-,100804,105804,enhancing,K562,Enhancer
20,0.66918427,SORT1_chr1_109397918_-,105804,110804,enhancing,K562,Enhancer
15,0.30852202,RSAD2_chr2_6865635_+,75804,80804,enhancing,K562,Enhancer
18,0.3108723,CFAP20DC_chr3_59050025_-,90804,95804,enhancing,K562,Enhancer
19,0.6543854,CFAP20DC_chr3_59050025_-,100804,105804,enhancing,K562,Enhancer
28,0.4840401,CFAP20DC_chr3_59050025_-,145804,150804,enhancing,K562,Enhancer
14,0.41755033,SEMA4C_chr2_96870080_-,70804,75804,enhancing,K562,Enhancer
18,0.31344455,SEMA4C_chr2_96870080_-,90804,95804,enhancing,K562,Enhancer
17,0.47062016,KCNE3_chr11_74467549_-,85804,90804,enhancing,K562,Enhancer
18,0.37352484,KCNE3_chr11_74467549_-,90804,95804,enhancing,K562,Enhancer
19,0.8378003,KCNE3_chr11_74467549_-,100804,105804,enhancing,K562,Enhancer
20,0.7928285,KCNE3_chr11_74467549_-,105804,110804,enhancing,K562,Enhancer
16,0.8921142,TM6SF1_chr15_83107680_+,80804,85804,enhancing,K562,Enhancer
18,0.5600025,TM6SF1_chr15_83107680_+,90804,95804,enhancing,K562,Enhancer
19,0.41329545,ATP1B1_chr1_169106682_+,100804,105804,enhancing,K562,Enhancer
23,0.43348414,ATP1B1_chr1_169106682_+,120804,125804,enhancing,K562,Enhancer
19,0.3120788,CLU_chr8_27614700_-,100804,105804,enhancing,K562,Enhancer
20,0.5289084,CLU_chr8_27614700_-,105804,110804,enhancing,K562,Enhancer
21,0.35609254,CLU_chr8_27614700_-,110804,115804,enhancing,K562,Enhancer
27,0.40759298,FERMT1_chr20_6123030_-,140804,145804,enhancing,K562,Enhancer
19,0.6148611,NPW_chr16_2019784_+,100804,105804,enhancing,K562,Enhancer
14,0.31568825,ENSG00000284931_chr11_5254783_-,70804,75804,enhancing,K562,Enhancer
15,0.33890626,AKR1C1_chr10_4963414_+,75804,80804,enhancing,K562,Enhancer
12,0.34342623,ARHGAP22_chr10_48493649_-,60804,65804,enhancing,K562,Enhancer
18,0.6762632,ARHGAP22_chr10_48493649_-,90804,95804,enhancing,K562,Enhancer
21,0.95753056,ARHGAP22_chr10_48493649_-,110804,115804,enhancing,K562,Enhancer
22,0.6804475,ARHGAP22_chr10_48493649_-,115804,120804,enhancing,K562,Enhancer
23,0.9667905,ARHGAP22_chr10_48493649_-,120804,125804,enhancing,K562,Enhancer
27,0.40187752,ARHGAP22_chr10_48493649_-,140804,145804,enhancing,K562,Enhancer
9,0.39006543,LPL_chr8_19939252_+,45804,50804,enhancing,K562,Enhancer
20,0.31825653,LPL_chr8_19939252_+,105804,110804,enhancing,K562,Enhancer
21,0.3485082,LPL_chr8_19939252_+,110804,115804,enhancing,K562,Enhancer
2,0.45235896,KIT_chr4_54657941_+,10804,15804,enhancing,K562,Enhancer
8,0.34012175,KIT_chr4_54657941_+,40804,45804,enhancing,K562,Enhancer
20,0.5348668,KIT_chr4_54657941_+,105804,110804,enhancing,K562,Enhancer
18,0.8569542,LRFN3_chr19_35936373_+,90804,95804,enhancing,K562,Enhancer
19,0.32092783,SYTL1_chr1_27342021_+,100804,105804,enhancing,K562,Enhancer
20,0.40806502,SYTL1_chr1_27342021_+,105804,110804,enhancing,K562,Enhancer
19,0.36782262,CXXC5_chr5_139648348_+,100804,105804,enhancing,K562,Enhancer
19,0.3428772,TGFBR3_chr1_91886151_-,100804,105804,enhancing,K562,Enhancer
19,0.6808406,NDUFB3_chr2_201072051_+,100804,105804,enhancing,K562,Enhancer
21,0.41039366,NDUFB3_chr2_201072051_+,110804,115804,enhancing,K562,Enhancer
17,0.49914354,CD80_chr3_119559614_-,85804,90804,enhancing,K562,Enhancer
18,0.9871004,CD80_chr3_119559614_-,90804,95804,enhancing,K562,Enhancer
19,0.38183656,CD80_chr3_119559614_-,100804,105804,enhancing,K562,Enhancer
21,0.46051112,CD80_chr3_119559614_-,110804,115804,enhancing,K562,Enhancer
12,0.5155316,RGS18_chr1_192158461_+,60804,65804,enhancing,K562,Enhancer
23,0.41650254,RGS18_chr1_192158461_+,120804,125804,enhancing,K562,Enhancer
19,0.5143313,ALKBH2_chr12_109093472_-,100804,105804,enhancing,K562,Enhancer
19,0.4006396,ETV2_chr19_35641792_+,100804,105804,enhancing,K562,Enhancer
19,0.39850897,WDR54_chr2_74421729_+,100804,105804,enhancing,K562,Enhancer
19,0.5504946,TBX18_chr6_84763453_-,100804,105804,enhancing,K562,Enhancer
19,0.5262986,PNP_chr14_20469405_+,100804,105804,enhancing,K562,Enhancer
17,0.373078,ENSG00000285382_chr20_32743523_-,85804,90804,enhancing,K562,Enhancer
18,0.63216347,ENSG00000285382_chr20_32743523_-,90804,95804,enhancing,K562,Enhancer
19,0.48307323,ENSG00000285382_chr20_32743523_-,100804,105804,enhancing,K562,Enhancer
20,0.51751155,ENSG00000285382_chr20_32743523_-,105804,110804,enhancing,K562,Enhancer
21,0.41201103,ENSG00000285382_chr20_32743523_-,110804,115804,enhancing,K562,Enhancer
22,0.40177286,ENSG00000285382_chr20_32743523_-,115804,120804,enhancing,K562,Enhancer
26,0.587242,ENSG00000285382_chr20_32743523_-,135804,140804,enhancing,K562,Enhancer
19,0.38094223,RBMS2_chr12_56521819_+,100804,105804,enhancing,K562,Enhancer
18,0.44463974,LEF1_chr4_108168932_-,90804,95804,enhancing,K562,Enhancer
17,0.3152784,LRR1_chr14_49598939_+,85804,90804,enhancing,K562,Enhancer
18,0.6877201,LRR1_chr14_49598939_+,90804,95804,enhancing,K562,Enhancer
19,0.56053567,LRR1_chr14_49598939_+,100804,105804,enhancing,K562,Enhancer
23,0.67005646,PPM1H_chr12_62935150_-,120804,125804,enhancing,K562,Enhancer
19,0.4976528,GAL_chr11_68684543_+,100804,105804,enhancing,K562,Enhancer
19,0.9120494,DNASE1L1_chrX_154409254_-,100804,105804,enhancing,K562,Enhancer
19,0.32584697,C17orf75_chr17_32342173_-,100804,105804,enhancing,K562,Enhancer
20,0.32929865,NUDT13_chr10_73110454_+,105804,110804,enhancing,K562,Enhancer
14,0.367301,LIMS4_chr2_110472816_-,70804,75804,enhancing,K562,Enhancer
15,0.40658224,LIMS4_chr2_110472816_-,75804,80804,enhancing,K562,Enhancer
17,0.82006025,LIMS4_chr2_110472816_-,85804,90804,enhancing,K562,Enhancer
18,0.5972922,LIMS4_chr2_110472816_-,90804,95804,enhancing,K562,Enhancer
19,0.73539513,LIMS4_chr2_110472816_-,100804,105804,enhancing,K562,Enhancer
20,0.3310475,LIMS4_chr2_110472816_-,105804,110804,enhancing,K562,Enhancer
21,0.5892607,LIMS4_chr2_110472816_-,110804,115804,enhancing,K562,Enhancer
22,0.4103822,LIMS4_chr2_110472816_-,115804,120804,enhancing,K562,Enhancer
23,0.36904284,LIMS4_chr2_110472816_-,120804,125804,enhancing,K562,Enhancer
24,0.3830254,LIMS4_chr2_110472816_-,125804,130804,enhancing,K562,Enhancer
25,0.30613792,LIMS4_chr2_110472816_-,130804,135804,enhancing,K562,Enhancer
28,0.5326377,LIMS4_chr2_110472816_-,145804,150804,enhancing,K562,Enhancer
17,0.55241376,LAMB1_chr7_108003187_-,85804,90804,enhancing,K562,Enhancer
19,0.5166231,LAMB1_chr7_108003187_-,100804,105804,enhancing,K562,Enhancer
17,0.33186856,ACTR10_chr14_58200148_+,85804,90804,enhancing,K562,Enhancer
19,0.60627407,ACTR10_chr14_58200148_+,100804,105804,enhancing,K562,Enhancer
24,0.3315982,CIBAR1_chr8_93700581_+,125804,130804,enhancing,K562,Enhancer
18,0.37542582,GPR160_chr3_170037994_+,90804,95804,enhancing,K562,Enhancer
19,0.4460743,GPR160_chr3_170037994_+,100804,105804,enhancing,K562,Enhancer
26,0.40308386,GPR160_chr3_170037994_+,135804,140804,enhancing,K562,Enhancer
19,0.56269073,GEMIN6_chr2_38778209_+,100804,105804,enhancing,K562,Enhancer
19,0.67102987,NME6_chr3_48301394_-,100804,105804,enhancing,K562,Enhancer
13,-0.43737355,ZNF256_chr19_57947675_-,65804,70804,silencing,K562,Silencer
22,-0.88295305,ZNF790_chr19_36838387_-,115804,120804,silencing,K562,Silencer
20,-0.46587828,ZNF549_chr19_57527355_+,105804,110804,silencing,K562,Silencer
21,-2.0450602,ZNF599_chr19_34773229_-,110804,115804,silencing,K562,Silencer
24,-0.62580305,HECA_chr6_139135079_+,125804,130804,silencing,K562,Silencer
26,-0.46059108,ZNF169_chr9_94259297_+,135804,140804,silencing,K562,Silencer
21,-0.33631092,KIR3DL1_chr19_54816489_+,110804,115804,silencing,K562,Silencer
24,-0.6576619,UBE2N_chr12_93441943_-,125804,130804,silencing,K562,Silencer
31,-0.42838216,UBE2N_chr12_93441943_-,160804,165804,silencing,K562,Silencer
19,-0.823814,ZNF551_chr19_57682034_+,100804,105804,silencing,K562,Silencer
20,-0.48139143,ZNF551_chr19_57682034_+,105804,110804,silencing,K562,Silencer
21,-0.35936013,ZNF57_chr19_2900927_+,110804,115804,silencing,K562,Silencer
20,-0.46398175,ZNF570_chr19_37469355_+,105804,110804,silencing,K562,Silencer
21,-0.8476287,ZNF570_chr19_37469355_+,110804,115804,silencing,K562,Silencer
25,-0.4202061,TP53BP1_chr15_43493127_-,130804,135804,silencing,K562,Silencer
22,-0.43574727,ZFP30_chr19_37655412_-,115804,120804,silencing,K562,Silencer
27,-0.36094123,ZNF33A_chr10_38010654_+,140804,145804,silencing,K562,Silencer
19,-0.38600546,CCDC88C_chr14_91417820_-,100804,105804,silencing,K562,Silencer
22,-1.6113366,ZNF14_chr19_19733112_-,115804,120804,silencing,K562,Silencer
20,-1.0280526,OAZ1_chr19_2269519_+,105804,110804,silencing,K562,Silencer
19,-0.9761928,TMEM160_chr19_47048624_-,100804,105804,silencing,K562,Silencer
27,-0.4284519,DYSF_chr2_71453560_+,140804,145804,silencing,K562,Silencer
12,-0.49463797,RNF123_chr3_49689537_+,60804,65804,silencing,K562,Silencer
19,-0.4203175,RNF123_chr3_49689537_+,100804,105804,silencing,K562,Silencer
22,-1.1877457,ZNF322_chr6_26659752_-,115804,120804,silencing,K562,Silencer
19,-0.5329371,PTRH1_chr9_127715663_-,100804,105804,silencing,K562,Silencer
12,-0.35938874,G0S2_chr1_209675411_+,60804,65804,silencing,K562,Silencer
22,-1.1480752,G0S2_chr1_209675411_+,115804,120804,silencing,K562,Silencer
22,-0.39523402,SEC24B_chr4_109433771_+,115804,120804,silencing,K562,Silencer
24,-1.2970914,SEC24B_chr4_109433771_+,125804,130804,silencing,K562,Silencer
17,-0.54477626,NBEAL2_chr3_46987989_+,85804,90804,silencing,K562,Silencer
18,-0.30377698,ENSG00000257355_chr19_12052967_-,90804,95804,silencing,K562,Silencer
20,-1.0803545,ENSG00000257355_chr19_12052967_-,105804,110804,silencing,K562,Silencer
26,-0.9591955,VOPP1_chr7_55572502_-,135804,140804,silencing,K562,Silencer
22,-0.30211976,VAMP1_chr12_6470645_-,115804,120804,silencing,K562,Silencer
20,-0.9177628,ZNF749_chr19_57435324_+,105804,110804,silencing,K562,Silencer
21,-1.3830785,ZNF260_chr19_36528271_-,110804,115804,silencing,K562,Silencer
21,-0.65957123,ZNF814_chr19_57888969_-,110804,115804,silencing,K562,Silencer
18,-0.47945556,STX1A_chr7_73719659_-,90804,95804,silencing,K562,Silencer
19,-0.5391664,STX1A_chr7_73719659_-,100804,105804,silencing,K562,Silencer
19,-0.5073252,IL20RB_chr3_136957982_+,100804,105804,silencing,K562,Silencer
24,-0.33346373,IL20RB_chr3_136957982_+,125804,130804,silencing,K562,Silencer
19,-0.9242931,ENSG00000269026_chr19_57682044_+,100804,105804,silencing,K562,Silencer
20,-0.5862921,ENSG00000269026_chr19_57682044_+,105804,110804,silencing,K562,Silencer
19,-1.3184274,ZNF597_chr16_3443504_-,100804,105804,silencing,K562,Silencer
20,-0.32589474,ZNF597_chr16_3443504_-,105804,110804,silencing,K562,Silencer
22,-0.365099,NXF2_chrX_102247166_+,115804,120804,silencing,K562,Silencer
21,-2.1178427,ZNF286A-TBC1D26_chr17_15699740_+,110804,115804,silencing,K562,Silencer
20,-0.65591985,ENSG00000273734_chr19_2269524_+,105804,110804,silencing,K562,Silencer
20,-0.3287235,CHAMP1_chr13_114314489_+,105804,110804,silencing,K562,Silencer
19,-0.746618,ZNF416_chr19_57578911_-,100804,105804,silencing,K562,Silencer
19,-0.5003414,KLF10_chr8_102655725_-,100804,105804,silencing,K562,Silencer
15,-0.30432355,PLBD1_chr12_14567883_-,75804,80804,silencing,K562,Silencer
20,-0.6749082,PLBD1_chr12_14567883_-,105804,110804,silencing,K562,Silencer
24,-0.30128768,PLBD1_chr12_14567883_-,125804,130804,silencing,K562,Silencer
23,-0.6454895,ZNF506_chr19_19821740_-,120804,125804,silencing,K562,Silencer
23,-1.7063197,ZBTB5_chr9_37465450_-,120804,125804,silencing,K562,Silencer
19,-0.32795295,NFKBIZ_chr3_101849513_+,100804,105804,silencing,K562,Silencer
23,-0.3102375,RAB40B_chr17_82698687_-,120804,125804,silencing,K562,Silencer
15,-0.5965194,ENSG00000290263_chr4_2242121_-,75804,80804,silencing,K562,Silencer
16,-0.3938698,ENSG00000290263_chr4_2242121_-,80804,85804,silencing,K562,Silencer
22,-1.5534253,ZNF627_chr19_11597482_+,115804,120804,silencing,K562,Silencer
19,-0.62983197,ZNF324B_chr19_58451646_+,100804,105804,silencing,K562,Silencer
23,-0.4830129,ZNF140_chr12_133080881_+,120804,125804,silencing,K562,Silencer
15,-0.63398856,MBD3L1_chr19_8832376_+,75804,80804,silencing,K562,Silencer
23,-0.8044153,ZNF26_chr12_132986366_+,120804,125804,silencing,K562,Silencer
23,-0.45789823,ZNF253_chr19_19865881_+,120804,125804,silencing,K562,Silencer
25,-0.7112576,ZNF93_chr19_19900945_+,130804,135804,silencing,K562,Silencer
22,-0.68242913,LDOC1_chrX_141177129_-,115804,120804,silencing,K562,Silencer
21,-1.0301552,ZNF12_chr7_6706923_-,110804,115804,silencing,K562,Silencer
27,-1.1519791,ZNF33B_chr10_42638570_-,140804,145804,silencing,K562,Silencer
15,-0.5564015,MYO1G_chr7_44979015_-,75804,80804,silencing,K562,Silencer
22,-0.40213522,MYO1G_chr7_44979015_-,115804,120804,silencing,K562,Silencer
27,-0.4227398,MYO1G_chr7_44979015_-,140804,145804,silencing,K562,Silencer
24,-0.69615066,ZNF605_chr12_132956306_-,125804,130804,silencing,K562,Silencer
19,-1.4196887,KBTBD8_chr3_66998306_+,100804,105804,silencing,K562,Silencer
20,-0.50752884,ZNF548_chr19_57389874_+,105804,110804,silencing,K562,Silencer
14,-0.5410685,TMEM86B_chr19_55228763_-,70804,75804,silencing,K562,Silencer
20,-0.34377295,TMEM86B_chr19_55228763_-,105804,110804,silencing,K562,Silencer
28,-0.5164963,RTL6_chr22_44498233_-,145804,150804,silencing,K562,Silencer
20,-0.81453854,LRP3_chr19_33194329_+,105804,110804,silencing,K562,Silencer
24,-0.94755214,KRCC1_chr2_88055783_-,125804,130804,silencing,K562,Silencer
20,-0.58109474,ZNF470_chr19_56567525_+,105804,110804,silencing,K562,Silencer
19,-0.3176952,MED26_chr19_16628204_-,100804,105804,silencing,K562,Silencer
28,-0.45320368,MED26_chr19_16628204_-,145804,150804,silencing,K562,Silencer
22,-1.7281922,RBAK_chr7_5045859_+,115804,120804,silencing,K562,Silencer
19,-0.33172765,ZNF892_chr2_95207520_+,100804,105804,silencing,K562,Silencer
21,-0.37157282,ZNF275_chrX_153334146_+,110804,115804,silencing,K562,Silencer
19,-2.2677867,ZNF552_chr19_57814913_-,100804,105804,silencing,K562,Silencer
20,-1.0133024,USP7_chr16_8963906_-,105804,110804,silencing,K562,Silencer
15,-0.33796942,CCT6B_chr17_34961460_-,75804,80804,silencing,K562,Silencer
22,-0.48128518,ZNF559-ZNF177_chr19_9324173_+,115804,120804,silencing,K562,Silencer
20,-0.46921137,ZNF17_chr19_57411178_+,105804,110804,silencing,K562,Silencer
19,-0.35067034,ZNF222_chr19_44025378_+,100804,105804,silencing,K562,Silencer
21,-0.31805676,ZNF202_chr11_123741660_-,110804,115804,silencing,K562,Silencer
18,-0.3614176,NEK11_chr3_131026882_+,90804,95804,silencing,K562,Silencer
22,-0.75830656,ZNF264_chr19_57191500_+,115804,120804,silencing,K562,Silencer
18,-0.40105334,AMDHD2_chr16_2520389_+,90804,95804,silencing,K562,Silencer
22,-1.3970792,ZNF354A_chr5_178730659_-,115804,120804,silencing,K562,Silencer
22,-0.37713006,ZNF266_chr19_9435571_-,115804,120804,silencing,K562,Silencer
22,-0.4657292,ZNF197_chr3_44625018_+,115804,120804,silencing,K562,Silencer
22,-0.5538975,FOXO3B_chr17_18682314_-,115804,120804,silencing,K562,Silencer
21,-0.72481924,NFIL3_chr9_91423832_-,110804,115804,silencing,K562,Silencer
18,-0.33004475,ASTE1_chr3_131026792_-,90804,95804,silencing,K562,Silencer
19,-0.4822377,ASTE1_chr3_131026792_-,100804,105804,silencing,K562,Silencer
25,-0.34716237,ZNF595_chr4_53294_+,130804,135804,silencing,K562,Silencer
19,-0.78259915,MYBL1_chr8_66613294_-,100804,105804,silencing,K562,Silencer
23,-0.9069211,ZNF606_chr19_58002819_-,120804,125804,silencing,K562,Silencer
19,-0.37933114,ZNF717_chr3_75785549_-,100804,105804,silencing,K562,Silencer
20,-0.47392926,ZNF555_chr19_2841474_+,105804,110804,silencing,K562,Silencer
15,-0.31679666,ENSG00000288208_chr1_45491155_-,75804,80804,silencing,K562,Silencer
20,-0.33132458,ENSG00000269533_chr19_57390007_+,105804,110804,silencing,K562,Silencer
20,-1.0374441,ZNF189_chr9_101398850_+,105804,110804,silencing,K562,Silencer
22,-1.0826824,ZFP69_chr1_40477289_+,115804,120804,silencing,K562,Silencer
21,-1.693722,ETV3_chr1_157138474_-,110804,115804,silencing,K562,Silencer
24,-0.6062134,AK7_chr14_96392127_+,125804,130804,silencing,K562,Silencer
21,-1.6542821,ZNF286A_chr17_15699776_+,110804,115804,silencing,K562,Silencer
19,-0.4736653,ZNF324_chr19_58467079_+,100804,105804,silencing,K562,Silencer
15,-0.52713555,ADGRG1_chr16_57628554_+,75804,80804,silencing,K562,Silencer
20,-0.965929,ADGRG1_chr16_57628554_+,105804,110804,silencing,K562,Silencer
22,-0.42750326,ADGRG1_chr16_57628554_+,115804,120804,silencing,K562,Silencer
11,-0.32946116,PLPPR2_chr19_11355497_+,55804,60804,silencing,K562,Silencer
18,-0.5799221,PLPPR2_chr19_11355497_+,90804,95804,silencing,K562,Silencer
19,-0.46117526,PLPPR2_chr19_11355497_+,100804,105804,silencing,K562,Silencer
21,-0.599978,PLPPR2_chr19_11355497_+,110804,115804,silencing,K562,Silencer
22,-0.5002701,PLPPR2_chr19_11355497_+,115804,120804,silencing,K562,Silencer
23,-0.49463397,PLPPR2_chr19_11355497_+,120804,125804,silencing,K562,Silencer
21,-0.4150682,ZNF850_chr19_36772814_-,110804,115804,silencing,K562,Silencer
22,-0.8164092,ZNF850_chr19_36772814_-,115804,120804,silencing,K562,Silencer
23,-0.6655029,ZNF850_chr19_36772814_-,120804,125804,silencing,K562,Silencer
21,-0.61152256,ZNF124_chr1_247172002_-,110804,115804,silencing,K562,Silencer
19,-0.43865627,ZNF665_chr19_53193358_-,100804,105804,silencing,K562,Silencer
24,-0.6710711,ZNF665_chr19_53193358_-,125804,130804,silencing,K562,Silencer
20,-0.82711,STARD5_chr15_81324141_-,105804,110804,silencing,K562,Silencer
18,-0.36256468,MST1_chr3_49689474_-,90804,95804,silencing,K562,Silencer
25,-0.4732706,MST1_chr3_49689474_-,130804,135804,silencing,K562,Silencer
23,-1.291674,ZNF723_chr19_22832290_+,120804,125804,silencing,K562,Silencer
24,-0.319518,JAK1_chr1_64966552_-,125804,130804,silencing,K562,Silencer
23,-1.010822,ZFP90_chr16_68539290_+,120804,125804,silencing,K562,Silencer
21,-0.574287,ZNF550_chr19_57559812_-,110804,115804,silencing,K562,Silencer
16,-0.3621708,ACSL6_chr5_131994579_-,80804,85804,silencing,K562,Silencer
18,-0.6632229,ACSL6_chr5_131994579_-,90804,95804,silencing,K562,Silencer
27,-0.3305886,ACSL6_chr5_131994579_-,140804,145804,silencing,K562,Silencer
19,0.46448478,ALDH3B1_chr11_68010326_+,100804,105804,enhancing,PC-3,Enhancer
19,0.5519482,SQOR_chr15_45635028_+,100804,105804,enhancing,PC-3,Enhancer
19,0.40200594,KLHDC8B_chr3_49171597_+,100804,105804,enhancing,PC-3,Enhancer
15,0.5052974,SMPDL3B_chr1_27934999_+,75804,80804,enhancing,PC-3,Enhancer
17,0.36335033,ANGPTL4_chr19_8364154_+,85804,90804,enhancing,PC-3,Enhancer
18,0.32209212,ANGPTL4_chr19_8364154_+,90804,95804,enhancing,PC-3,Enhancer
19,0.30850008,ANGPTL4_chr19_8364154_+,100804,105804,enhancing,PC-3,Enhancer
25,0.4414782,FXYD6_chr11_117876658_-,130804,135804,enhancing,PC-3,Enhancer
26,0.38509494,FXYD6_chr11_117876658_-,135804,140804,enhancing,PC-3,Enhancer
19,0.6206682,GADD45GIP1_chr19_12957223_-,100804,105804,enhancing,PC-3,Enhancer
19,0.44107306,ABCC3_chr17_50634880_+,100804,105804,enhancing,PC-3,Enhancer
26,0.4065843,AK5_chr1_77282018_+,135804,140804,enhancing,PC-3,Enhancer
16,0.34321725,ADRA1B_chr5_159916481_+,80804,85804,enhancing,PC-3,Enhancer
18,0.31663105,ADRA1B_chr5_159916481_+,90804,95804,enhancing,PC-3,Enhancer
18,0.5996332,SLC16A4_chr1_110391026_-,90804,95804,enhancing,PC-3,Enhancer
20,0.5570303,SLC16A4_chr1_110391026_-,105804,110804,enhancing,PC-3,Enhancer
19,0.6038533,ADIRF_chr10_86968481_+,100804,105804,enhancing,PC-3,Enhancer
18,0.3845418,OLFML2A_chr9_124777132_+,90804,95804,enhancing,PC-3,Enhancer
19,0.42620155,CAMK2N1_chr1_20486210_-,100804,105804,enhancing,PC-3,Enhancer
19,0.30348104,CCDC120_chrX_49053571_+,100804,105804,enhancing,PC-3,Enhancer
23,0.43780577,ENSG00000256500_chr14_103562961_+,120804,125804,enhancing,PC-3,Enhancer
19,0.7062061,MIF4GD_chr17_75271227_-,100804,105804,enhancing,PC-3,Enhancer
20,0.3298242,MIF4GD_chr17_75271227_-,105804,110804,enhancing,PC-3,Enhancer
19,0.7340567,EML2_chr19_45639397_-,100804,105804,enhancing,PC-3,Enhancer
24,0.429388,DKK3_chr11_12008626_-,125804,130804,enhancing,PC-3,Enhancer
19,0.43483958,UROD_chr1_45012247_+,100804,105804,enhancing,PC-3,Enhancer
19,0.44289228,ATP5PD_chr17_75046969_-,100804,105804,enhancing,PC-3,Enhancer
20,0.7216646,ATP5PD_chr17_75046969_-,105804,110804,enhancing,PC-3,Enhancer
19,0.30677,BOK_chr2_241558744_+,100804,105804,enhancing,PC-3,Enhancer
19,0.50441945,ALKBH2_chr12_109093472_-,100804,105804,enhancing,PC-3,Enhancer
19,0.7713245,FOLR1_chr11_72192139_+,100804,105804,enhancing,PC-3,Enhancer
19,0.3641094,NT5C3A_chr7_33040909_-,100804,105804,enhancing,PC-3,Enhancer
19,0.32362306,TNFSF12_chr17_7549062_+,100804,105804,enhancing,PC-3,Enhancer
20,0.38772094,TMBIM1_chr2_218292503_-,105804,110804,enhancing,PC-3,Enhancer
21,0.32636365,TMBIM1_chr2_218292503_-,110804,115804,enhancing,PC-3,Enhancer
20,0.4222817,THRA_chr17_40062964_+,105804,110804,enhancing,PC-3,Enhancer
16,0.33099988,PLLP_chr16_57284661_-,80804,85804,enhancing,PC-3,Enhancer
23,0.50822884,PLLP_chr16_57284661_-,120804,125804,enhancing,PC-3,Enhancer
18,0.44690096,CAPG_chr2_85414074_-,90804,95804,enhancing,PC-3,Enhancer
20,0.39855042,CAPG_chr2_85414074_-,105804,110804,enhancing,PC-3,Enhancer
19,0.7000872,F2RL2_chr5_76623403_-,100804,105804,enhancing,PC-3,Enhancer
20,0.42098758,COMMD6_chr13_75537841_-,105804,110804,enhancing,PC-3,Enhancer
19,0.41418165,RGS4_chr1_163069360_+,100804,105804,enhancing,PC-3,Enhancer
20,0.751963,MCRIP1_chr17_81833256_-,105804,110804,enhancing,PC-3,Enhancer
17,0.39094394,GALNT5_chr2_157257704_+,85804,90804,enhancing,PC-3,Enhancer
16,0.36945975,DNMT3B_chr20_32762384_+,80804,85804,enhancing,PC-3,Enhancer
17,0.4716487,DNMT3B_chr20_32762384_+,85804,90804,enhancing,PC-3,Enhancer
18,0.3935501,DNMT3B_chr20_32762384_+,90804,95804,enhancing,PC-3,Enhancer
19,0.4735654,DNMT3B_chr20_32762384_+,100804,105804,enhancing,PC-3,Enhancer
21,0.5253123,ADAMTSL1_chr9_18474168_+,110804,115804,enhancing,PC-3,Enhancer
19,0.72558534,GALE_chr1_23800754_-,100804,105804,enhancing,PC-3,Enhancer
19,0.7287717,NME6_chr3_48301394_-,100804,105804,enhancing,PC-3,Enhancer
18,0.5625783,ARHGAP23_chr17_38453689_+,90804,95804,enhancing,PC-3,Enhancer
19,0.5532135,LDLR_chr19_11089462_+,100804,105804,enhancing,PC-3,Enhancer
18,0.4277073,GLS2_chr12_56488161_-,90804,95804,enhancing,PC-3,Enhancer
15,0.40267482,IGFN1_chr1_201190823_+,75804,80804,enhancing,PC-3,Enhancer
26,0.32987642,LURAP1L_chr9_12775019_+,135804,140804,enhancing,PC-3,Enhancer
19,0.33946627,TCN2_chr22_30607203_+,100804,105804,enhancing,PC-3,Enhancer
18,0.3650771,AKR1C2_chr10_5003857_-,90804,95804,enhancing,PC-3,Enhancer
19,0.31401527,FBXO16_chr8_28490237_-,100804,105804,enhancing,PC-3,Enhancer
23,0.31228438,FBXO16_chr8_28490237_-,120804,125804,enhancing,PC-3,Enhancer
19,0.41501027,MCTS2_chr20_31547378_+,100804,105804,enhancing,PC-3,Enhancer
18,0.39248544,PAFAH1B3_chr19_42302624_-,90804,95804,enhancing,PC-3,Enhancer
19,0.6351285,PAFAH1B3_chr19_42302624_-,100804,105804,enhancing,PC-3,Enhancer
19,0.7335901,TMEM92_chr17_50274465_+,100804,105804,enhancing,PC-3,Enhancer
21,0.30018982,TMEM92_chr17_50274465_+,110804,115804,enhancing,PC-3,Enhancer
19,0.8812262,DNASE1L1_chrX_154409254_-,100804,105804,enhancing,PC-3,Enhancer
21,0.45823535,MRPS21_chr1_150293860_+,110804,115804,enhancing,PC-3,Enhancer
19,0.58011943,ANXA8L1_chr10_46375675_+,100804,105804,enhancing,PC-3,Enhancer
21,0.5985903,POLR3GL_chr1_145964689_+,110804,115804,enhancing,PC-3,Enhancer
19,0.483227,ADAMTSL4_chr1_150549407_+,100804,105804,enhancing,PC-3,Enhancer
19,0.5173684,CST6_chr11_66012007_+,100804,105804,enhancing,PC-3,Enhancer
19,0.6211479,GEM_chr8_94262319_-,100804,105804,enhancing,PC-3,Enhancer
19,0.6354868,ENSG00000290146_chr12_6970920_+,100804,105804,enhancing,PC-3,Enhancer
19,0.36492938,PABIR3_chrX_134807280_+,100804,105804,enhancing,PC-3,Enhancer
22,0.31153455,PABIR3_chrX_134807280_+,115804,120804,enhancing,PC-3,Enhancer
26,0.3110303,PABIR3_chrX_134807280_+,135804,140804,enhancing,PC-3,Enhancer
19,0.3605626,SIRT3_chr11_236352_-,100804,105804,enhancing,PC-3,Enhancer
19,0.33024684,SULT2B1_chr19_48552171_+,100804,105804,enhancing,PC-3,Enhancer
18,0.40220666,COMMD7_chr20_32743467_-,90804,95804,enhancing,PC-3,Enhancer
19,0.31133026,COMMD7_chr20_32743467_-,100804,105804,enhancing,PC-3,Enhancer
20,0.34108892,COMMD7_chr20_32743467_-,105804,110804,enhancing,PC-3,Enhancer
22,0.42527944,COMMD7_chr20_32743467_-,115804,120804,enhancing,PC-3,Enhancer
26,0.49189287,COMMD7_chr20_32743467_-,135804,140804,enhancing,PC-3,Enhancer
17,0.48443544,GABRE_chrX_151974676_-,85804,90804,enhancing,PC-3,Enhancer
19,0.6746042,CDH13_chr16_82626969_+,100804,105804,enhancing,PC-3,Enhancer
21,0.5375631,MALL_chr2_110115822_-,110804,115804,enhancing,PC-3,Enhancer
13,0.5221214,TUBA3E_chr2_130198439_-,65804,70804,enhancing,PC-3,Enhancer
16,0.59067166,TUBA3E_chr2_130198439_-,80804,85804,enhancing,PC-3,Enhancer
17,0.4020091,TUBA3E_chr2_130198439_-,85804,90804,enhancing,PC-3,Enhancer
18,0.36149815,TUBA3E_chr2_130198439_-,90804,95804,enhancing,PC-3,Enhancer
19,0.99749553,TUBA3E_chr2_130198439_-,100804,105804,enhancing,PC-3,Enhancer
21,0.5661516,TUBA3E_chr2_130198439_-,110804,115804,enhancing,PC-3,Enhancer
19,0.35900658,CALM3_chr19_46601329_+,100804,105804,enhancing,PC-3,Enhancer
20,0.91196513,CALM3_chr19_46601329_+,105804,110804,enhancing,PC-3,Enhancer
19,0.33968556,IL20RB_chr3_136957982_+,100804,105804,enhancing,PC-3,Enhancer
25,0.3148158,IL20RB_chr3_136957982_+,130804,135804,enhancing,PC-3,Enhancer
19,0.5451034,UPK1B_chr3_119173597_+,100804,105804,enhancing,PC-3,Enhancer
20,0.505879,UPK1B_chr3_119173597_+,105804,110804,enhancing,PC-3,Enhancer
19,0.50049305,NMB_chr15_84658199_-,100804,105804,enhancing,PC-3,Enhancer
19,0.38847515,PARP2_chr14_20343636_+,100804,105804,enhancing,PC-3,Enhancer
20,0.45065233,PARP2_chr14_20343636_+,105804,110804,enhancing,PC-3,Enhancer
21,0.34180063,CSTA_chr3_122325247_+,110804,115804,enhancing,PC-3,Enhancer
19,0.32781643,MKS1_chr17_58219255_-,100804,105804,enhancing,PC-3,Enhancer
18,0.4064092,MYADM_chr19_53867882_+,90804,95804,enhancing,PC-3,Enhancer
19,0.49444374,MYADM_chr19_53867882_+,100804,105804,enhancing,PC-3,Enhancer
20,0.46263015,MYADM_chr19_53867882_+,105804,110804,enhancing,PC-3,Enhancer
19,0.38290522,PSTPIP2_chr18_46072257_-,100804,105804,enhancing,PC-3,Enhancer
24,0.40310067,PSTPIP2_chr18_46072257_-,125804,130804,enhancing,PC-3,Enhancer
16,0.31866467,TST_chr22_37019447_-,80804,85804,enhancing,PC-3,Enhancer
19,0.7318416,PTMS_chr12_6766374_+,100804,105804,enhancing,PC-3,Enhancer
19,0.75707656,DKK1_chr10_52314280_+,100804,105804,enhancing,PC-3,Enhancer
19,0.6035096,EMG1_chr12_6970912_+,100804,105804,enhancing,PC-3,Enhancer
20,0.3895805,EPHX1_chr1_225810123_+,105804,110804,enhancing,PC-3,Enhancer
25,0.30276167,LIPA_chr10_89251775_-,130804,135804,enhancing,PC-3,Enhancer
19,0.3052335,PTGR2_chr14_73851946_+,100804,105804,enhancing,PC-3,Enhancer
19,0.45872685,LETM2_chr8_38386440_+,100804,105804,enhancing,PC-3,Enhancer
19,0.4754253,ATG101_chr12_52069977_+,100804,105804,enhancing,PC-3,Enhancer
20,0.36131096,PLCD3_chr17_45132515_-,105804,110804,enhancing,PC-3,Enhancer
17,0.4035462,SSX2B_chrX_52751268_+,85804,90804,enhancing,PC-3,Enhancer
18,0.8931195,SSX2B_chrX_52751268_+,90804,95804,enhancing,PC-3,Enhancer
19,0.9549878,SSX2B_chrX_52751268_+,100804,105804,enhancing,PC-3,Enhancer
20,0.51656204,SSX2B_chrX_52751268_+,105804,110804,enhancing,PC-3,Enhancer
21,0.3415403,SSX2B_chrX_52751268_+,110804,115804,enhancing,PC-3,Enhancer
18,0.5754605,IFI27_chr14_94110814_+,90804,95804,enhancing,PC-3,Enhancer
19,0.93617904,IFI27_chr14_94110814_+,100804,105804,enhancing,PC-3,Enhancer
19,0.5908318,C1QTNF1_chr17_79024170_+,100804,105804,enhancing,PC-3,Enhancer
23,0.48666787,C1QTNF1_chr17_79024170_+,120804,125804,enhancing,PC-3,Enhancer
19,0.41735256,PGBD1_chr6_28281571_+,100804,105804,enhancing,PC-3,Enhancer
15,0.34166119,S100A4_chr1_153545806_-,75804,80804,enhancing,PC-3,Enhancer
21,0.5288981,SLC35E4_chr22_30635780_+,110804,115804,enhancing,PC-3,Enhancer
18,0.30713123,LYPD3_chr19_43465608_-,90804,95804,enhancing,PC-3,Enhancer
19,0.39261204,LYPD3_chr19_43465608_-,100804,105804,enhancing,PC-3,Enhancer
19,0.40326014,SFTA2_chr6_30932170_-,100804,105804,enhancing,PC-3,Enhancer
18,0.40670398,CTPS2_chrX_16712669_-,90804,95804,enhancing,PC-3,Enhancer
19,0.342959,LIMCH1_chr4_41360806_+,100804,105804,enhancing,PC-3,Enhancer
19,0.7996973,HFE_chr6_26087404_+,100804,105804,enhancing,PC-3,Enhancer
19,0.58478177,LY6E_chr8_143018482_+,100804,105804,enhancing,PC-3,Enhancer
16,0.3661592,MARCHF9_chr12_57755102_+,80804,85804,enhancing,PC-3,Enhancer
18,0.3462025,MARCHF9_chr12_57755102_+,90804,95804,enhancing,PC-3,Enhancer
20,0.43611887,INSYN2B_chr5_169980495_-,105804,110804,enhancing,PC-3,Enhancer
22,0.335801,PDGFB_chr22_39244982_-,115804,120804,enhancing,PC-3,Enhancer
21,0.3584066,STEAP4_chr7_88306888_-,110804,115804,enhancing,PC-3,Enhancer
23,0.48927027,STEAP4_chr7_88306888_-,120804,125804,enhancing,PC-3,Enhancer
19,0.33979586,RBMY1F_chrY_22182923_-,100804,105804,enhancing,PC-3,Enhancer
20,0.34441268,RBMY1F_chrY_22182923_-,105804,110804,enhancing,PC-3,Enhancer
21,0.34418324,RBMY1F_chrY_22182923_-,110804,115804,enhancing,PC-3,Enhancer
22,0.33546445,SLC35F2_chr11_107858787_-,115804,120804,enhancing,PC-3,Enhancer
17,0.37885645,LRR1_chr14_49598939_+,85804,90804,enhancing,PC-3,Enhancer
18,0.64180267,LRR1_chr14_49598939_+,90804,95804,enhancing,PC-3,Enhancer
19,0.51725334,LRR1_chr14_49598939_+,100804,105804,enhancing,PC-3,Enhancer
19,0.7702264,NDUFB3_chr2_201072051_+,100804,105804,enhancing,PC-3,Enhancer
20,0.34468275,NDUFB3_chr2_201072051_+,105804,110804,enhancing,PC-3,Enhancer
21,0.5618015,NDUFB3_chr2_201072051_+,110804,115804,enhancing,PC-3,Enhancer
16,0.32885343,LRRC23_chr12_6904840_+,80804,85804,enhancing,PC-3,Enhancer
19,0.62555003,IFI35_chr17_43006783_+,100804,105804,enhancing,PC-3,Enhancer
22,0.33074966,NMI_chr2_151289668_-,115804,120804,enhancing,PC-3,Enhancer
22,0.3623046,GLIS2_chr16_4316066_+,115804,120804,enhancing,PC-3,Enhancer
19,0.3861258,CCDC124_chr19_17933014_+,100804,105804,enhancing,PC-3,Enhancer
20,0.416181,CCDC124_chr19_17933014_+,105804,110804,enhancing,PC-3,Enhancer
17,0.34017614,SPOCK2_chr10_72088551_-,85804,90804,enhancing,PC-3,Enhancer
19,0.81719697,FMNL1_chr17_45221884_+,100804,105804,enhancing,PC-3,Enhancer
18,0.32214147,PTGS1_chr9_122371038_+,90804,95804,enhancing,PC-3,Enhancer
18,0.327372,SEZ6L2_chr16_29899264_-,90804,95804,enhancing,PC-3,Enhancer
19,0.47812456,SEZ6L2_chr16_29899264_-,100804,105804,enhancing,PC-3,Enhancer
18,0.33703995,SMIM22_chr16_4795368_+,90804,95804,enhancing,PC-3,Enhancer
21,0.3516024,PRSS3_chr9_33750678_+,110804,115804,enhancing,PC-3,Enhancer
21,0.35864997,CGREF1_chr2_27119030_-,110804,115804,enhancing,PC-3,Enhancer
23,-0.4306085,ZNF606_chr19_58002819_-,120804,125804,silencing,PC-3,Silencer
23,-0.5464505,ZNF700_chr19_11925067_+,120804,125804,silencing,PC-3,Silencer
20,-0.33434677,ZNF555_chr19_2841474_+,105804,110804,silencing,PC-3,Silencer
19,-0.9917321,ZNF324_chr19_58467055_+,100804,105804,silencing,PC-3,Silencer
19,-0.7453686,ZNF324B_chr19_58451646_+,100804,105804,silencing,PC-3,Silencer
24,-1.381296,SEC24B_chr4_109433771_+,125804,130804,silencing,PC-3,Silencer
22,-2.3153062,ZNF177_chr19_9363012_+,115804,120804,silencing,PC-3,Silencer
21,-1.0800917,ZNF57_chr19_2900927_+,110804,115804,silencing,PC-3,Silencer
19,-1.734534,ZNF574_chr19_42076165_+,100804,105804,silencing,PC-3,Silencer
21,-1.229635,RSBN1_chr1_113812289_-,110804,115804,silencing,PC-3,Silencer
21,-0.30585375,ZNF483_chr9_111525188_+,110804,115804,silencing,PC-3,Silencer
25,-0.59380066,ZNF595_chr4_53294_+,130804,135804,silencing,PC-3,Silencer
20,-0.68019146,ZNF586_chr19_57769675_+,105804,110804,silencing,PC-3,Silencer
16,-0.38794953,FBXW5_chr9_136944738_-,80804,85804,silencing,PC-3,Silencer
19,-0.3474609,ZNF419_chr19_57487770_+,100804,105804,silencing,PC-3,Silencer
22,-1.1886406,ZNF322_chr6_26659752_-,115804,120804,silencing,PC-3,Silencer
21,-1.6003911,ZNF12_chr7_6706923_-,110804,115804,silencing,PC-3,Silencer
20,-0.5754148,ZNF582_chr19_56393520_-,105804,110804,silencing,PC-3,Silencer
19,-0.82775193,ZNF416_chr19_57578911_-,100804,105804,silencing,PC-3,Silencer
19,-0.6076919,ENSG00000269026_chr19_57682044_+,100804,105804,silencing,PC-3,Silencer
20,-0.41977727,ENSG00000269026_chr19_57682044_+,105804,110804,silencing,PC-3,Silencer
20,-1.0644525,ZNF189_chr9_101398872_+,105804,110804,silencing,PC-3,Silencer
19,-0.51538694,ZNF551_chr19_57682034_+,100804,105804,silencing,PC-3,Silencer
20,-0.349921,ZNF551_chr19_57682034_+,105804,110804,silencing,PC-3,Silencer
22,-0.8118898,ZNF510_chr9_96778087_-,115804,120804,silencing,PC-3,Silencer
21,-0.36315805,ZNF202_chr11_123741660_-,110804,115804,silencing,PC-3,Silencer
23,-1.0295045,ZNF26_chr12_132986366_+,120804,125804,silencing,PC-3,Silencer
22,-1.6820378,RBAK-RBAKDN_chr7_5045910_+,115804,120804,silencing,PC-3,Silencer
24,-0.56000024,UBE2N_chr12_93441943_-,125804,130804,silencing,PC-3,Silencer
31,-0.40591726,UBE2N_chr12_93441943_-,160804,165804,silencing,PC-3,Silencer
20,-1.1736523,ZNF485_chr10_43606425_+,105804,110804,silencing,PC-3,Silencer
19,-0.7064808,PLD5P1_chr10_38094367_+,100804,105804,silencing,PC-3,Silencer
22,-0.46898744,PLD5P1_chr10_38094367_+,115804,120804,silencing,PC-3,Silencer
23,-1.3479815,PLD5P1_chr10_38094367_+,120804,125804,silencing,PC-3,Silencer
19,-0.5594205,ZNF37A_chr10_38094335_+,100804,105804,silencing,PC-3,Silencer
23,-1.2659714,ZNF37A_chr10_38094335_+,120804,125804,silencing,PC-3,Silencer
26,-0.626404,ZNF670_chr1_247078811_-,135804,140804,silencing,PC-3,Silencer
21,-0.73643714,ZNF550_chr19_57559812_-,110804,115804,silencing,PC-3,Silencer
22,-2.3278341,RBAK_chr7_5045859_+,115804,120804,silencing,PC-3,Silencer
22,-0.5692492,ZNF559_chr19_9324178_+,115804,120804,silencing,PC-3,Silencer
21,-1.382645,ZNF260_chr19_36528271_-,110804,115804,silencing,PC-3,Silencer
22,-0.6601886,ZNF559-ZNF177_chr19_9324173_+,115804,120804,silencing,PC-3,Silencer
21,-1.896906,ZNF286A-TBC1D26_chr17_15699740_+,110804,115804,silencing,PC-3,Silencer
22,-0.66266865,ZNF229_chr19_44448472_-,115804,120804,silencing,PC-3,Silencer
21,-0.796553,USPL1_chr13_30617936_+,110804,115804,silencing,PC-3,Silencer
21,-0.89473164,C2orf69_chr2_199911292_+,110804,115804,silencing,PC-3,Silencer
19,-0.33043584,ZNF544_chr19_58228974_+,100804,105804,silencing,PC-3,Silencer
25,-0.3314161,ZNF544_chr19_58228974_+,130804,135804,silencing,PC-3,Silencer
19,-0.3373431,ZNF222_chr19_44025378_+,100804,105804,silencing,PC-3,Silencer
21,-2.202581,ZNF286A_chr17_15699776_+,110804,115804,silencing,PC-3,Silencer
20,-0.36570954,ETV3_chr1_157138474_-,105804,110804,silencing,PC-3,Silencer
21,-2.744376,ETV3_chr1_157138474_-,110804,115804,silencing,PC-3,Silencer
25,-0.8219721,ZNF718_chr4_124537_+,130804,135804,silencing,PC-3,Silencer
22,-1.1743006,ZNF264_chr19_57191536_+,115804,120804,silencing,PC-3,Silencer
22,-0.38743046,ZNF268_chr12_133181513_+,115804,120804,silencing,PC-3,Silencer
20,-1.8940269,ZNF230_chr19_44002956_+,105804,110804,silencing,PC-3,Silencer
21,-0.38496727,ZNF235_chr19_44305025_-,110804,115804,silencing,PC-3,Silencer
22,-0.54651904,ZNF197_chr3_44625018_+,115804,120804,silencing,PC-3,Silencer
22,-0.47186112,ZNF266_chr19_9435571_-,115804,120804,silencing,PC-3,Silencer
22,-0.6244596,FOXO3B_chr17_18682314_-,115804,120804,silencing,PC-3,Silencer
27,-0.3990365,ZNF33A_chr10_38010654_+,140804,145804,silencing,PC-3,Silencer
21,-0.45353973,HJURP_chr2_233854535_-,110804,115804,silencing,PC-3,Silencer
20,-0.98082477,ENSG00000248710_chr3_160449829_-,105804,110804,silencing,PC-3,Silencer
16,-0.7110439,ZSCAN30_chr18_35290232_-,80804,85804,silencing,PC-3,Silencer
20,-0.42705986,CHAMP1_chr13_114314489_+,105804,110804,silencing,PC-3,Silencer
19,-0.5674327,ASDURF_chr2_189661520_+,100804,105804,silencing,PC-3,Silencer
19,-0.35694912,ASNSD1_chr2_189661384_+,100804,105804,silencing,PC-3,Silencer
22,-0.6171651,YTHDF3_chr8_63168552_+,115804,120804,silencing,PC-3,Silencer
19,-0.5150458,ENSG00000286165_chr2_189661518_+,100804,105804,silencing,PC-3,Silencer
