,(MUT - CONTROL) / WT,(MUT - CONTROL) / CONTROL,seq_id,control,wt,mut,tile_start,tile_end,context,cell_line,Normalized CRE effect,tile class
19,0.6590329,76.7766,PTGIR_chr19_46625037_-,0.45441604,52.938965,35.342934,100804,105804,enhancing,GM12878,0.6590329,Enhancer
19,0.4837231,10.137515,ADA_chr20_44651686_-,8.823118,184.90846,98.26762,100804,105804,enhancing,GM12878,0.4837231,Enhancer
18,0.40277436,54.053493,JAML_chr11_118225021_-,0.35474396,47.607674,19.529894,90804,95804,enhancing,GM12878,0.40277436,Enhancer
20,0.32333967,39.843613,JAML_chr11_118225021_-,0.38634673,47.607674,15.779796,105804,110804,enhancing,GM12878,0.32333967,Enhancer
20,0.3146145,4.1749372,CASP10_chr2_201183126_+,10.892033,144.53737,56.365585,105804,110804,enhancing,GM12878,0.3146145,Enhancer
19,0.30625165,11.729573,NEK9_chr14_75127048_-,8.422493,322.5852,107.214745,100804,105804,enhancing,GM12878,0.30625165,Enhancer
19,0.61765176,17.333687,NME6_chr3_48301394_-,6.0366488,169.4116,110.67403,100804,105804,enhancing,GM12878,0.61765176,Enhancer
20,0.77876943,39.39082,MEST_chr7_130486341_+,1.3908343,70.34958,56.176937,105804,110804,enhancing,GM12878,0.77876943,Enhancer
19,0.4047285,15.509309,BOLA3_chr2_74147912_-,8.517931,326.4095,140.62515,100804,105804,enhancing,GM12878,0.4047285,Enhancer
19,0.3564837,6.371762,ENSG00000214265_chr15_24955033_+,9.586718,171.35225,70.671,100804,105804,enhancing,GM12878,0.3564837,Enhancer
20,0.49454758,45.617943,NHLRC3_chr13_39038390_+,2.6844163,247.61531,125.14197,105804,110804,enhancing,GM12878,0.49454758,Enhancer
16,1.0589517,21.301441,KHDRBS2_chr6_62286225_-,2.4929645,50.147457,55.596703,80804,85804,enhancing,GM12878,1.0589517,Enhancer
19,0.5912971,14.698287,CCDC14_chr3_123961229_-,12.519159,311.19754,196.52936,100804,105804,enhancing,GM12878,0.5912971,Enhancer
19,0.33002675,9.367158,TTLL12_chr22_43187134_-,8.003631,227.16727,82.97491,100804,105804,enhancing,GM12878,0.33002675,Enhancer
16,0.3947507,19.974573,ANKLE1_chr19_17281876_+,0.92523533,46.817345,19.406416,80804,85804,enhancing,GM12878,0.3947507,Enhancer
19,0.39231715,24.54935,LY6E_chr8_143018528_+,5.6673236,354.6343,144.79645,100804,105804,enhancing,GM12878,0.39231715,Enhancer
21,0.4018158,10.721442,FCRL1_chr1_157820120_-,5.7829294,154.3029,67.78427,110804,115804,enhancing,GM12878,0.4018158,Enhancer
19,0.31474692,14.848628,DHRS13_chr17_28902965_-,2.2778487,107.46072,36.100777,100804,105804,enhancing,GM12878,0.31474692,Enhancer
20,0.5161193,19.8009,DHRS13_chr17_28902965_-,2.8010116,107.46072,58.263557,105804,110804,enhancing,GM12878,0.5161193,Enhancer
16,0.39887238,20.817204,TSPOAP1_chr17_58328760_-,0.931046,48.59142,20.31282,80804,85804,enhancing,GM12878,0.39887238,Enhancer
18,0.36368504,15.31575,TSPOAP1_chr17_58328760_-,1.153843,48.59142,18.825815,90804,95804,enhancing,GM12878,0.36368504,Enhancer
17,0.37752065,20.731968,HLA-DOA_chr6_33009591_-,9.479437,520.57385,206.0068,85804,90804,enhancing,GM12878,0.37752065,Enhancer
20,0.5539627,16.35523,ENSG00000248993_chr6_32953122_-,16.122948,476.01495,279.81747,105804,110804,enhancing,GM12878,0.5539627,Enhancer
18,0.31621584,8.753033,GBA1_chr1_155241249_-,6.7028847,185.53961,65.37345,90804,95804,enhancing,GM12878,0.31621584,Enhancer
19,0.39127892,26.306293,FAN1_chr15_30903892_+,2.0604086,138.52449,56.262123,100804,105804,enhancing,GM12878,0.39127892,Enhancer
19,0.31463555,8.79194,PRDX2_chr19_12801800_-,14.799631,413.5498,144.9171,100804,105804,enhancing,GM12878,0.31463555,Enhancer
19,0.3549569,16.032192,PTMS_chr12_6766143_+,5.128741,231.64774,87.3537,100804,105804,enhancing,GM12878,0.3549569,Enhancer
19,0.4344896,7.4289737,TSPYL2_chrX_53082366_+,14.764025,252.43768,124.44557,100804,105804,enhancing,GM12878,0.4344896,Enhancer
19,0.40053612,13.873865,GPR160_chr3_170037994_+,6.4990344,225.1151,96.66576,100804,105804,enhancing,GM12878,0.40053612,Enhancer
19,0.56072253,12.691616,ENSG00000276302_chr6_28267120_+,6.767272,153.17313,92.65489,100804,105804,enhancing,GM12878,0.56072253,Enhancer
19,0.36588946,31.140224,SLC35B1_chr17_49707964_-,2.3554187,200.46565,75.70368,100804,105804,enhancing,GM12878,0.36588946,Enhancer
18,0.35365131,6.0139565,ITGAX_chr16_31355175_+,11.871017,201.87054,83.2628,90804,95804,enhancing,GM12878,0.35365131,Enhancer
17,0.3882216,9.045587,GNGT2_chr17_49210574_-,10.333323,240.76704,103.80428,85804,90804,enhancing,GM12878,0.3882216,Enhancer
18,0.30510205,5.134879,GNGT2_chr17_49210574_-,14.305794,240.76704,87.76431,90804,95804,enhancing,GM12878,0.30510205,Enhancer
22,0.47158203,11.192654,POPDC3_chr6_105180014_-,3.0750556,72.98419,37.493088,115804,120804,enhancing,GM12878,0.47158203,Enhancer
22,0.80823714,22.113577,SH2B2_chr7_102286867_+,4.340696,118.76256,100.32901,115804,120804,enhancing,GM12878,0.80823714,Enhancer
19,0.31550276,37.48259,PTPRJ_chr11_47980579_+,1.8014872,214.0216,69.3259,100804,105804,enhancing,GM12878,0.31550276,Enhancer
19,0.5133559,17.637854,CTLA4_chr2_203867770_+,1.8735104,64.369965,34.918213,100804,105804,enhancing,GM12878,0.5133559,Enhancer
19,0.5277878,60.51672,CKB_chr14_103522830_-,1.1549754,132.43073,71.0503,100804,105804,enhancing,GM12878,0.5277878,Enhancer
19,0.5438044,40.804398,TNFRSF18_chr1_1206571_-,2.5127783,188.54648,105.04518,100804,105804,enhancing,GM12878,0.5438044,Enhancer
19,0.6415805,178.5132,NUP85_chr17_75205706_+,1.4152489,393.77847,254.05585,100804,105804,enhancing,GM12878,0.6415805,Enhancer
17,-0.7023217,-0.37719083,NR4A2_chr2_156332762_-,87.67399,47.086433,54.604164,85804,90804,silencing,GM12878,-0.37719083,Silencer
20,-0.86633575,-0.58001095,ZNF211_chr19_57633198_+,71.6819,47.990963,30.105612,105804,110804,silencing,GM12878,-0.58001095,Silencer
7,-0.5421628,-0.30225268,HS3ST3B1_chr17_14301080_+,87.16359,48.59321,60.81816,35804,40804,silencing,GM12878,-0.30225268,Silencer
17,-0.75778186,-0.3584825,HS3ST3B1_chr17_14301080_+,102.71924,48.59321,65.89619,85804,90804,silencing,GM12878,-0.3584825,Silencer
19,-0.81615925,-0.37360737,HS3ST3B1_chr17_14301080_+,106.15368,48.59321,66.49388,100804,105804,silencing,GM12878,-0.37360737,Silencer
14,-0.5176756,-0.33400622,SNAP25_chr20_10218866_+,81.26524,52.43264,54.122147,70804,75804,silencing,GM12878,-0.33400622,Silencer
23,-0.46351397,-0.33453414,SNAP25_chr20_10218866_+,72.64807,52.43264,48.34481,120804,125804,silencing,GM12878,-0.33453414,Silencer
20,-1.1609187,-0.6068709,ZNF555_chr19_2841474_+,100.52501,52.549503,39.51931,105804,110804,silencing,GM12878,-0.6068709,Silencer
20,-0.72001946,-0.5121619,EMILIN2_chr18_2847005_+,75.0356,53.374077,36.605225,105804,110804,silencing,GM12878,-0.5121619,Silencer
19,-0.64793336,-0.37466973,TCF7L2_chr10_112950246_+,93.172516,53.87733,58.263596,100804,105804,silencing,GM12878,-0.37466973,Silencer
21,-0.8615756,-0.52704805,ZNF599_chr19_34773229_-,89.392334,54.6836,42.27828,110804,115804,silencing,GM12878,-0.52704805,Silencer
24,-0.7954738,-0.4779255,ZNF599_chr19_34773229_-,91.01706,54.6836,47.517685,125804,130804,silencing,GM12878,-0.4779255,Silencer
19,-0.48996606,-0.3121059,ZNF717_chr3_75785549_-,86.89583,55.352203,59.775127,100804,105804,silencing,GM12878,-0.3121059,Silencer
16,-0.55037934,-0.3242537,FBXW5_chr9_136944738_-,94.849945,55.880455,64.0945,80804,85804,silencing,GM12878,-0.3242537,Silencer
19,-0.5873749,-0.37221724,FBXW5_chr9_136944738_-,88.18178,55.880455,55.359,100804,105804,silencing,GM12878,-0.37221724,Silencer
23,-1.2993,-0.51668495,ZNF606_chr19_58002819_-,145.77599,57.96988,70.45573,120804,125804,silencing,GM12878,-0.51668495,Silencer
21,-0.9150878,-0.5629613,TFPI_chr2_187554438_-,98.48036,60.585037,43.039734,110804,115804,silencing,GM12878,-0.5629613,Silencer
19,-0.95774716,-0.4956606,ZNF324B_chr19_58451646_+,133.50438,69.0922,67.33152,100804,105804,silencing,GM12878,-0.4956606,Silencer
22,-0.65677994,-0.35760576,ZNF324B_chr19_58451646_+,126.89497,69.0922,81.5166,115804,120804,silencing,GM12878,-0.35760576,Silencer
20,-0.66336477,-0.4325366,ZNF549_chr19_57527355_+,110.078674,71.77508,62.46562,105804,110804,silencing,GM12878,-0.4325366,Silencer
19,-0.64832896,-0.4587543,ZNF324_chr19_58467055_+,102.07899,72.230576,55.249813,100804,105804,silencing,GM12878,-0.4587543,Silencer
20,-0.42755878,-0.32978833,DMXL2_chr15_51622771_-,96.62862,74.53242,64.76163,105804,110804,silencing,GM12878,-0.32978833,Silencer
22,-0.61472756,-0.4503261,DMXL2_chr15_51622771_-,101.74211,74.53242,55.92498,115804,120804,silencing,GM12878,-0.4503261,Silencer
23,-0.46167657,-0.3589631,DMXL2_chr15_51622771_-,95.85907,74.53242,61.4492,120804,125804,silencing,GM12878,-0.3589631,Silencer
20,-0.6988847,-0.5307481,ZNF17_chr19_57411178_+,99.47699,75.54497,46.679764,105804,110804,silencing,GM12878,-0.5307481,Silencer
22,-0.5110027,-0.32411763,FZD6_chr8_103298864_+,121.98077,77.36968,82.44465,115804,120804,silencing,GM12878,-0.32411763,Silencer
19,-0.8176057,-0.5238294,ZNF134_chr19_57614237_+,121.34254,77.7426,57.779747,100804,105804,silencing,GM12878,-0.5238294,Silencer
22,-0.37508404,-0.31192356,SPIN4_chrX_63351332_-,94.604095,78.67369,65.09485,115804,120804,silencing,GM12878,-0.31192356,Silencer
19,-0.6136998,-0.37439013,ZNF256_chr19_57947706_-,134.80432,82.23794,84.334915,100804,105804,silencing,GM12878,-0.37439013,Silencer
22,-0.9628364,-0.5230969,ZNF256_chr19_57947706_-,151.37096,82.23794,72.18928,115804,120804,silencing,GM12878,-0.5230969,Silencer
20,-0.61413944,-0.44551453,ZNF485_chr10_43606425_+,119.78243,86.89365,66.41762,105804,110804,silencing,GM12878,-0.44551453,Silencer
22,-0.84593546,-0.5216161,ZNF14_chr19_19733112_-,145.47244,89.700424,69.591675,115804,120804,silencing,GM12878,-0.5216161,Silencer
19,-0.9681106,-0.45524418,ENSG00000269026_chr19_57682044_+,193.84818,91.155136,105.59992,100804,105804,silencing,GM12878,-0.45524418,Silencer
23,-0.77258545,-0.35229817,ZNF37A_chr10_38094335_+,201.74364,91.99489,130.66972,120804,125804,silencing,GM12878,-0.35229817,Silencer
23,-0.944864,-0.3685903,PLD5P1_chr10_38094367_+,236.05737,92.08569,149.04892,120804,125804,silencing,GM12878,-0.3685903,Silencer
20,-0.4858996,-0.39032736,ZNF443_chr19_12441021_-,115.39431,92.69725,70.35275,105804,110804,silencing,GM12878,-0.39032736,Silencer
24,-0.5448967,-0.37728944,ZNF567_chr19_36687611_+,134.57224,93.17854,83.79955,125804,130804,silencing,GM12878,-0.37728944,Silencer
25,-0.54622316,-0.3920389,ZNF567_chr19_36687611_+,129.82455,93.17854,78.928276,130804,135804,silencing,GM12878,-0.3920389,Silencer
19,-0.9326262,-0.45793238,ZNF551_chr19_57682034_+,190.39072,93.48448,103.20464,100804,105804,silencing,GM12878,-0.45793238,Silencer
19,-0.5308255,-0.38184288,ZNF530_chr19_57599884_+,130.2217,93.67339,80.49747,100804,105804,silencing,GM12878,-0.38184288,Silencer
22,-0.55162954,-0.41664425,ZNF530_chr19_57599884_+,124.021904,93.67339,72.34889,115804,120804,silencing,GM12878,-0.41664425,Silencer
26,-0.47810423,-0.34470177,ZNF530_chr19_57599884_+,129.92578,93.67339,85.14014,135804,140804,silencing,GM12878,-0.34470177,Silencer
21,-0.9357055,-0.57408607,ZNF12_chr7_6706923_-,158.66689,97.34735,67.57844,110804,115804,silencing,GM12878,-0.57408607,Silencer
22,-0.47082034,-0.32353342,ZNF229_chr19_44448472_-,145.46481,99.959,98.402084,115804,120804,silencing,GM12878,-0.32353342,Silencer
23,-0.5688103,-0.40938365,ZNF700_chr19_11925106_+,149.04004,107.266975,88.02548,120804,125804,silencing,GM12878,-0.40938365,Silencer
23,-0.5475765,-0.40070266,ENSG00000267179_chr19_11925110_+,154.04642,112.72728,92.31961,120804,125804,silencing,GM12878,-0.40070266,Silencer
22,-0.720297,-0.52643216,RBAK_chr7_5045820_+,158.93724,116.159966,75.26757,115804,120804,silencing,GM12878,-0.52643216,Silencer
21,-0.92012674,-0.52323294,ZNF260_chr19_36528268_-,209.03067,118.86594,99.65894,110804,115804,silencing,GM12878,-0.52323294,Silencer
21,-0.96550214,-0.5642726,ZNF286A-TBC1D26_chr17_15699740_+,206.20145,120.5112,89.847626,110804,115804,silencing,GM12878,-0.5642726,Silencer
27,-0.40499598,-0.30506587,SLC35G1_chr10_93893972_+,162.0336,122.05287,112.60268,140804,145804,silencing,GM12878,-0.30506587,Silencer
19,-0.9704105,-0.5359899,ZNF416_chr19_57578911_-,222.38147,122.82865,103.187256,100804,105804,silencing,GM12878,-0.5359899,Silencer
21,-0.8444248,-0.5615305,ZNF286A_chr17_15699718_+,185.8285,123.57332,81.48013,110804,115804,silencing,GM12878,-0.5615305,Silencer
22,-0.67616636,-0.5209198,ZNF510_chr9_96778087_-,164.37215,126.632614,78.74744,115804,120804,silencing,GM12878,-0.5209198,Silencer
19,-0.6604845,-0.4093284,TMEM160_chr19_47048624_-,222.80164,138.079,131.6026,100804,105804,silencing,GM12878,-0.4093284,Silencer
21,-0.51661724,-0.3673344,ZNF275_chrX_153334152_+,206.07867,146.52972,130.37889,110804,115804,silencing,GM12878,-0.3673344,Silencer
22,-0.77325743,-0.5790765,FOXO3B_chr17_18682314_-,198.01033,148.28586,83.34719,115804,120804,silencing,GM12878,-0.5790765,Silencer
22,-0.58792734,-0.4080514,ZNF268_chr12_133181521_+,238.76431,165.71455,141.3362,115804,120804,silencing,GM12878,-0.4080514,Silencer
19,0.33312917,15.364138,CHST11_chr12_104456947_+,3.605964,166.30945,59.00849,100804,105804,enhancing,K562,0.33312917,Enhancer
20,0.315873,12.955391,CHST11_chr12_104456947_+,4.0548882,166.30945,56.58755,105804,110804,enhancing,K562,0.315873,Enhancer
19,0.3687549,13.571419,VARS1_chr6_31795752_-,8.564161,315.1899,124.791985,100804,105804,enhancing,K562,0.3687549,Enhancer
19,0.7387425,11.501948,MYEOV_chr11_69294157_+,10.899817,169.70615,136.26895,100804,105804,enhancing,K562,0.7387425,Enhancer
19,0.38250583,8.678663,SF3B3_chr16_70523815_+,15.972347,362.3961,154.59097,100804,105804,enhancing,K562,0.38250583,Enhancer
18,0.47887886,23.99958,PTPN22_chr1_113871712_-,0.81214666,40.70169,20.303326,90804,95804,enhancing,K562,0.47887886,Enhancer
19,0.5759927,6.866357,MFF_chr2_227325250_+,29.301311,349.29828,230.49458,100804,105804,enhancing,K562,0.5759927,Enhancer
10,0.3206728,8.071939,HACD1_chr10_17617367_-,3.4016953,85.62709,30.859974,50804,55804,enhancing,K562,0.3206728,Enhancer
19,0.39097926,14.944962,PHYH_chr10_13300064_-,0.66479254,25.41132,10.600092,100804,105804,enhancing,K562,0.39097926,Enhancer
14,0.35185072,6.3240514,LACTB_chr15_63121860_+,0.927219,16.665535,6.7909994,70804,75804,enhancing,K562,0.35185072,Enhancer
19,0.53978354,26.086315,LACTB_chr15_63121860_+,0.34484679,16.665535,9.340629,100804,105804,enhancing,K562,0.53978354,Enhancer
19,0.47568586,14.477514,GADD45GIP1_chr19_12957223_-,11.291097,343.64487,174.7581,100804,105804,enhancing,K562,0.47568586,Enhancer
19,0.67563576,14.055179,FMNL1_chr17_45221884_+,3.5788436,74.4503,53.880127,100804,105804,enhancing,K562,0.67563576,Enhancer
19,0.36981317,135.02234,BBS5_chr2_169479493_+,0.10135682,37.006348,13.786792,100804,105804,enhancing,K562,0.36981317,Enhancer
20,0.37571785,16.086872,COMMD6_chr13_75537841_-,6.737029,288.4551,115.11476,105804,110804,enhancing,K562,0.37571785,Enhancer
19,0.4379388,17.23116,CCPG1_chr15_55408306_-,6.5741806,258.668,119.854935,100804,105804,enhancing,K562,0.4379388,Enhancer
19,0.816335,32.679775,TESPA1_chr12_54984762_-,0.71852666,28.76428,24.199816,100804,105804,enhancing,K562,0.816335,Enhancer
20,0.34173238,3.6832006,GEMIN7_chr19_45079268_+,5.0106106,54.004494,23.465694,105804,110804,enhancing,K562,0.34173238,Enhancer
19,0.3194234,56.024403,GFI1B_chr9_132978693_+,1.5084236,264.56586,86.01695,100804,105804,enhancing,K562,0.3194234,Enhancer
23,0.38340557,64.726944,GFI1B_chr9_132978693_+,1.5671375,264.56586,103.00316,120804,125804,enhancing,K562,0.38340557,Enhancer
13,0.5135382,2.6003585,LGALS9_chr17_27631147_+,3.108426,15.739865,11.191448,65804,70804,enhancing,K562,0.5135382,Enhancer
19,0.4368397,43.11754,LGALS9_chr17_27631147_+,0.15946639,15.739865,7.0352645,100804,105804,enhancing,K562,0.4368397,Enhancer
20,0.513472,21.995527,TP53I3_chr2_24084834_-,0.748345,32.056747,17.208588,105804,110804,enhancing,K562,0.513472,Enhancer
19,0.7302186,428.65182,NUP85_chr17_75205678_+,0.42458475,249.2391,182.42361,100804,105804,enhancing,K562,0.7302186,Enhancer
19,0.44094026,7.6626782,ALDOC_chr17_28576885_-,10.847535,188.50891,93.968704,100804,105804,enhancing,K562,0.44094026,Enhancer
18,0.9667943,942.943,MACC1_chr7_20217404_-,0.14729923,143.66528,139.04207,90804,95804,enhancing,K562,0.9667943,Enhancer
19,0.3792099,92.14044,CLUAP1_chr16_3501011_+,0.2536863,61.640713,23.628456,100804,105804,enhancing,K562,0.3792099,Enhancer
19,0.55129904,26.38982,MYADM_chr19_53867882_+,1.3551872,64.87068,37.118332,100804,105804,enhancing,K562,0.55129904,Enhancer
19,0.51993454,10.221127,ATG101_chr12_52069977_+,4.850902,95.3614,54.432587,100804,105804,enhancing,K562,0.51993454,Enhancer
26,0.963687,36.819267,CXCL2_chr4_74099195_-,1.7869494,68.27338,67.581116,135804,140804,enhancing,K562,0.963687,Enhancer
23,0.3526194,230.35686,DAB2_chr5_39424980_-,0.052713983,34.436638,12.195742,120804,125804,enhancing,K562,0.3526194,Enhancer
19,0.60296893,19.239979,GATA2_chr3_128487916_-,8.806906,281.01727,178.25159,100804,105804,enhancing,K562,0.60296893,Enhancer
19,0.5174506,17.035307,CREG1_chr1_167553762_-,9.374607,308.6272,169.07391,100804,105804,enhancing,K562,0.5174506,Enhancer
20,0.40662295,7.1521807,MYL9_chr20_36541518_+,1.3713353,24.120718,11.179373,105804,110804,enhancing,K562,0.40662295,Enhancer
19,0.58833694,13.263625,ENSG00000276302_chr6_28267120_+,3.6599538,82.51097,52.20421,100804,105804,enhancing,K562,0.58833694,Enhancer
19,0.36552203,14.594319,ENSG00000288796_chr4_73988160_-,1.1021771,44.006992,17.187702,100804,105804,enhancing,K562,0.36552203,Enhancer
27,0.8848956,26.289528,SEMA7A_chr15_74433958_-,3.979925,118.240326,108.610275,140804,145804,enhancing,K562,0.8848956,Enhancer
19,0.31384316,8.192397,TMEM273_chr10_49188354_-,1.9977131,52.14725,18.363771,100804,105804,enhancing,K562,0.31384316,Enhancer
20,0.3077925,137.06345,TOP3B_chr22_21982787_-,0.1901483,84.67516,26.25253,105804,110804,enhancing,K562,0.3077925,Enhancer
19,0.35517722,14.739952,SMG8_chr17_59210034_+,2.2030153,91.425735,34.675354,100804,105804,enhancing,K562,0.35517722,Enhancer
19,0.5189132,24.559673,GAD1_chr2_170816886_+,1.1077386,52.428223,28.313437,100804,105804,enhancing,K562,0.5189132,Enhancer
18,0.33380803,16.647335,RPUSD2_chr15_40569331_+,1.1327612,56.49192,19.990217,90804,95804,enhancing,K562,0.33380803,Enhancer
19,0.34107986,11.662323,RPUSD2_chr15_40569331_+,1.6521801,56.49192,20.920437,100804,105804,enhancing,K562,0.34107986,Enhancer
17,0.50195694,27.576096,GABRE_chrX_151974676_-,0.6749849,37.08176,19.288431,85804,90804,enhancing,K562,0.50195694,Enhancer
19,0.33468238,83.029625,GABRE_chrX_151974676_-,0.14947209,37.08176,12.560083,100804,105804,enhancing,K562,0.33468238,Enhancer
19,0.5988312,35.93799,NEK9_chr14_75127048_-,3.0045762,180.3153,110.983,100804,105804,enhancing,K562,0.5988312,Enhancer
19,0.42627868,26.83685,CA13_chr8_85245457_+,0.25694913,16.176517,7.1526537,100804,105804,enhancing,K562,0.42627868,Enhancer
20,0.51364493,8.466241,CA13_chr8_85245457_+,0.9814257,16.176517,9.290412,105804,110804,enhancing,K562,0.51364493,Enhancer
22,0.42925075,23.49574,CA13_chr8_85245457_+,0.29553366,16.176517,7.239316,115804,120804,enhancing,K562,0.42925075,Enhancer
16,1.0052257,340.77277,SLAMF6_chr1_160523262_-,0.05805245,19.679853,19.840746,80804,85804,enhancing,K562,1.0052257,Enhancer
17,0.6653904,83.11632,KISS1R_chr19_917332_+,0.5604749,70.01094,47.14508,85804,90804,enhancing,K562,0.6653904,Enhancer
19,0.50607944,10.563462,PROSER1_chr13_39038076_-,6.688656,139.61319,77.344025,100804,105804,enhancing,K562,0.50607944,Enhancer
20,0.35212114,14.754323,PROSER1_chr13_39038076_-,3.331956,139.61319,52.49271,105804,110804,enhancing,K562,0.35212114,Enhancer
19,0.47982636,10.518153,ABO_chr9_133275219_-,6.4688187,141.80135,74.50884,100804,105804,enhancing,K562,0.47982636,Enhancer
21,0.31447038,10.206097,THPO_chr3_184378207_-,1.0274987,33.347343,11.51425,110804,115804,enhancing,K562,0.31447038,Enhancer
12,0.39745218,48.342834,CCDC80_chr3_112641143_-,0.13326131,16.208817,6.5754905,60804,65804,enhancing,K562,0.39745218,Enhancer
18,0.3122152,102.03944,MLLT11_chr1_151060396_+,0.5438906,177.75653,56.042183,90804,95804,enhancing,K562,0.3122152,Enhancer
19,1.1119202,46.287045,CFAP20DC_chr3_59050025_-,0.38871926,16.181616,18.381386,100804,105804,enhancing,K562,1.1119202,Enhancer
18,0.4273819,5.4678392,MINPP1_chr10_87504892_+,17.020359,217.7551,110.08495,90804,95804,enhancing,K562,0.4273819,Enhancer
19,0.46561828,22.548553,MINPP1_chr10_87504892_+,4.4965525,217.7551,105.88731,100804,105804,enhancing,K562,0.46561828,Enhancer
16,0.40313795,41.647865,TM6SF1_chr15_83107680_+,0.2931022,30.280157,12.500183,80804,85804,enhancing,K562,0.40313795,Enhancer
19,0.6250329,24.698172,NAT10_chr11_34105628_+,5.4754996,216.36433,140.71033,100804,105804,enhancing,K562,0.6250329,Enhancer
14,0.56909585,68.06544,ENSG00000284931_chr11_5254783_-,0.6811837,81.47145,47.04625,70804,75804,enhancing,K562,0.56909585,Enhancer
20,0.41940483,64.033615,KIT_chr4_54657941_+,0.2432402,37.137268,15.81879,105804,110804,enhancing,K562,0.41940483,Enhancer
19,0.71597064,13.333191,CXXC5_chr5_139648348_+,1.0139029,18.881447,14.532464,100804,105804,enhancing,K562,0.71597064,Enhancer
22,0.5494956,20.27569,CXXC5_chr5_139648348_+,0.5117099,18.881447,10.886982,115804,120804,enhancing,K562,0.5494956,Enhancer
19,0.56664276,16.025833,ALKBH2_chr12_109093472_-,3.7412481,105.81026,63.697865,100804,105804,enhancing,K562,0.56664276,Enhancer
19,0.5042114,12.982441,PNP_chr14_20469405_+,7.490633,192.8689,104.737335,100804,105804,enhancing,K562,0.5042114,Enhancer
18,0.42879882,7.6565204,CPNE3_chr8_86514434_+,6.186759,110.46916,53.555805,90804,95804,enhancing,K562,0.42879882,Enhancer
17,0.34725824,3.8866165,MR1_chr1_181033930_+,3.2094374,35.920967,15.68329,85804,90804,enhancing,K562,0.34725824,Enhancer
20,0.51833844,6.268957,MR1_chr1_181033930_+,2.9700663,35.920967,21.589285,105804,110804,enhancing,K562,0.51833844,Enhancer
19,0.3949938,43.540146,FAN1_chr15_30903892_+,0.5521671,60.865353,24.593605,100804,105804,enhancing,K562,0.3949938,Enhancer
19,0.36485642,8.694963,DNASE1L1_chrX_154409254_-,2.0421374,48.66657,19.798447,100804,105804,enhancing,K562,0.36485642,Enhancer
19,0.7085573,22.732794,NME6_chr3_48301394_-,2.4043248,77.13846,57.061344,100804,105804,enhancing,K562,0.7085573,Enhancer
20,-0.4938329,-0.3535828,ZNF799_chr19_12401268_-,29.302832,20.980736,18.941854,105804,110804,silencing,K562,-0.3535828,Silencer
28,-0.4214869,-0.30460995,ZNF799_chr19_12401268_-,29.030912,20.980736,20.187807,145804,150804,silencing,K562,-0.30460995,Silencer
13,-1.1341933,-0.44269258,ZNF256_chr19_57947675_-,38.025967,14.842102,21.192154,65804,70804,silencing,K562,-0.44269258,Silencer
19,-1.5231881,-0.5783589,ZNF256_chr19_57947675_-,39.088726,14.842102,16.481413,100804,105804,silencing,K562,-0.5783589,Silencer
22,-1.8522344,-0.70973563,ZNF256_chr19_57947675_-,38.73421,14.842102,11.243159,115804,120804,silencing,K562,-0.70973563,Silencer
26,-0.7642503,-0.30097497,ZNF256_chr19_57947675_-,37.687786,14.842102,26.344706,135804,140804,silencing,K562,-0.30097497,Silencer
24,-0.7287396,-0.4049352,ZNF567_chr19_36687611_+,118.36853,65.77327,70.43694,125804,130804,silencing,K562,-0.4049352,Silencer
25,-0.60848767,-0.3577938,ZNF567_chr19_36687611_+,111.85835,65.77327,71.83613,130804,135804,silencing,K562,-0.3577938,Silencer
16,-0.46286076,-0.31202266,MATCAP2_chr7_36367269_-,20.427935,13.770834,14.053956,80804,85804,silencing,K562,-0.31202266,Silencer
23,-0.82384616,-0.63860077,MATCAP2_chr7_36367269_-,17.76548,13.770834,6.4204316,120804,125804,silencing,K562,-0.63860077,Silencer
24,-0.46552122,-0.45818648,MATCAP2_chr7_36367269_-,13.991281,13.770834,7.580665,125804,130804,silencing,K562,-0.45818648,Silencer
33,-0.3514506,-0.5165103,MATCAP2_chr7_36367269_-,9.370129,13.770834,4.5303607,170804,175804,silencing,K562,-0.5165103,Silencer
25,-0.6112274,-0.3047202,CNTLN_chr9_17135039_+,49.231346,24.543707,34.22956,130804,135804,silencing,K562,-0.3047202,Silencer
27,-0.59408087,-0.32486323,CNTLN_chr9_17135039_+,44.88334,24.543707,30.302393,140804,145804,silencing,K562,-0.32486323,Silencer
19,-0.7506268,-0.4032575,RAB33B_chr4_139454120_+,77.5637,41.669365,46.285557,100804,105804,silencing,K562,-0.4032575,Silencer
22,-0.61638516,-0.39341915,ZNF790_chr19_36838387_-,30.901121,19.72321,18.744028,115804,120804,silencing,K562,-0.39341915,Silencer
23,-0.56923276,-0.42567256,ZNF790_chr19_36838387_-,26.37496,19.72321,15.147863,120804,125804,silencing,K562,-0.42567256,Silencer
20,-1.265657,-0.62783825,ZNF549_chr19_57527355_+,55.364517,27.463966,20.604557,105804,110804,silencing,K562,-0.62783825,Silencer
22,-0.6848148,-0.3228272,ZNF549_chr19_57527355_+,58.25944,27.463966,39.45171,115804,120804,silencing,K562,-0.3228272,Silencer
21,-0.92842543,-0.4827499,ENSG00000268133_chr19_57363565_+,111.24376,57.843002,57.540844,110804,115804,silencing,K562,-0.4827499,Silencer
21,-2.5750208,-0.6887341,ZNF599_chr19_34773229_-,78.872345,21.095781,24.550268,110804,115804,silencing,K562,-0.6887341,Silencer
22,-1.3167499,-0.44177756,KIR3DL1_chr19_54816489_+,69.46008,23.304277,38.774178,115804,120804,silencing,K562,-0.44177756,Silencer
19,-0.6723192,-0.3367815,GPR146_chr7_1055284_+,60.108456,30.10983,39.86504,100804,105804,silencing,K562,-0.3367815,Silencer
19,-1.9673235,-0.5677617,ZNF551_chr19_57682034_+,162.38641,46.86407,70.18962,100804,105804,silencing,K562,-0.5677617,Silencer
21,-0.81846666,-0.34444258,ZNF57_chr19_2900927_+,90.353615,38.02431,59.231983,110804,115804,silencing,K562,-0.34444258,Silencer
21,-1.3123325,-0.7038307,ZNF570_chr19_37469355_+,48.94145,26.248299,14.494954,110804,115804,silencing,K562,-0.7038307,Silencer
16,-0.54749656,-0.4008376,ZFP30_chr19_37655412_-,37.63726,27.555296,22.55083,80804,85804,silencing,K562,-0.4008376,Silencer
22,-0.8127505,-0.6857085,ZFP30_chr19_37655412_-,32.660496,27.555296,10.2649145,115804,120804,silencing,K562,-0.6857085,Silencer
16,-0.5624926,-0.31447548,CCDC88C_chr14_91417820_-,72.01065,40.259346,49.365067,80804,85804,silencing,K562,-0.31447548,Silencer
15,-1.4441488,-0.35647443,ZNF14_chr19_19733112_-,118.49315,29.248909,76.25337,75804,80804,silencing,K562,-0.35647443,Silencer
22,-2.1073716,-0.6166981,ZNF14_chr19_19733112_-,99.948944,29.248909,38.310623,115804,120804,silencing,K562,-0.6166981,Silencer
20,-0.9723852,-0.46514526,OAZ1_chr19_2269519_+,28.531189,13.648035,15.260041,105804,110804,silencing,K562,-0.46514526,Silencer
21,-0.45708683,-0.3483168,ZNF181_chr19_34734242_+,46.74822,35.623844,30.465029,110804,115804,silencing,K562,-0.3483168,Silencer
19,-0.7313176,-0.47048557,TMEM160_chr19_47048624_-,162.218,104.36127,85.896774,100804,105804,silencing,K562,-0.47048557,Silencer
26,-0.80875427,-0.30918503,DYSF_chr2_71453560_+,55.80119,21.332674,38.548298,135804,140804,silencing,K562,-0.30918503,Silencer
27,-1.0652003,-0.39465243,DYSF_chr2_71453560_+,57.578697,21.332674,34.855125,140804,145804,silencing,K562,-0.39465243,Silencer
33,-0.8280512,-0.31079197,DYSF_chr2_71453560_+,56.837204,21.332674,39.172657,170804,175804,silencing,K562,-0.31079197,Silencer
12,-1.466944,-0.38125354,G0S2_chr1_209675411_+,52.522457,13.6504,32.498085,60804,65804,silencing,K562,-0.38125354,Silencer
22,-2.733802,-0.67739207,G0S2_chr1_209675411_+,55.089947,13.6504,17.772453,115804,120804,silencing,K562,-0.67739207,Silencer
23,-1.2177607,-0.341873,G0S2_chr1_209675411_+,48.62309,13.6504,32.000168,120804,125804,silencing,K562,-0.341873,Silencer
26,-1.6107342,-0.5045204,G0S2_chr1_209675411_+,43.58033,13.6504,21.593163,135804,140804,silencing,K562,-0.5045204,Silencer
27,-1.1414877,-0.31735682,G0S2_chr1_209675411_+,49.098564,13.6504,33.5168,140804,145804,silencing,K562,-0.31735682,Silencer
29,-0.998533,-0.31557304,G0S2_chr1_209675411_+,43.19246,13.6504,29.562084,150804,155804,silencing,K562,-0.31557304,Silencer
22,-0.9349146,-0.35292396,SEC24B_chr4_109433771_+,85.742165,32.36709,55.4817,115804,120804,silencing,K562,-0.35292396,Silencer
20,-0.6601819,-0.561322,ENSG00000257355_chr19_12052967_-,20.2116,17.184984,8.8663845,105804,110804,silencing,K562,-0.561322,Silencer
16,-0.43905044,-0.33715186,VOPP1_chr7_55572502_-,17.526714,13.458965,11.61755,80804,85804,silencing,K562,-0.33715186,Silencer
18,-1.1171227,-0.5016773,VOPP1_chr7_55572502_-,29.970093,13.458965,14.934778,90804,95804,silencing,K562,-0.5016773,Silencer
26,-0.9654552,-0.5832771,VOPP1_chr7_55572502_-,22.277624,13.458965,9.283596,135804,140804,silencing,K562,-0.5832771,Silencer
21,-0.90845704,-0.47185248,ZNF547_chr19_57363550_+,102.04194,53.000572,53.893196,110804,115804,silencing,K562,-0.47185248,Silencer
22,-0.8830262,-0.5578685,VAMP1_chr12_6470645_-,35.837696,22.641142,15.844974,115804,120804,silencing,K562,-0.5578685,Silencer
20,-1.2928237,-0.47820556,ZNF749_chr19_57435324_+,52.203793,19.309782,27.239649,105804,110804,silencing,K562,-0.47820556,Silencer
21,-2.0953674,-0.678423,ZNF260_chr19_36528271_-,168.74304,54.634407,54.263885,110804,115804,silencing,K562,-0.678423,Silencer
21,-0.93726987,-0.67214644,ZNF814_chr19_57888969_-,23.830051,17.089298,7.812766,110804,115804,silencing,K562,-0.67214644,Silencer
22,-0.3717372,-0.311238,ZNF814_chr19_57888969_-,20.411158,17.089298,14.05843,115804,120804,silencing,K562,-0.311238,Silencer
23,-0.6274123,-0.39129928,ZNF814_chr19_57888969_-,27.401115,17.089298,16.67908,120804,125804,silencing,K562,-0.39129928,Silencer
14,-0.6991047,-0.4130706,STX1A_chr7_73719659_-,23.984364,14.171317,14.077128,70804,75804,silencing,K562,-0.4130706,Silencer
18,-1.0678906,-0.4994076,STX1A_chr7_73719659_-,30.302738,14.171317,15.169321,90804,95804,silencing,K562,-0.4994076,Silencer
24,-0.9045263,-0.4718038,STX1A_chr7_73719659_-,27.16877,14.171317,14.350441,125804,130804,silencing,K562,-0.4718038,Silencer
28,-0.68437535,-0.37706307,STX1A_chr7_73719659_-,25.72116,14.171317,16.022661,145804,150804,silencing,K562,-0.37706307,Silencer
7,-0.5138249,-0.38214582,HEY1_chr8_79767857_-,33.727783,25.084288,20.838852,35804,40804,silencing,K562,-0.38214582,Silencer
15,-0.38790968,-0.32267585,HEY1_chr8_79767857_-,30.155458,25.084288,20.42502,75804,80804,silencing,K562,-0.32267585,Silencer
5,-0.50201017,-0.31599337,IL20RB_chr3_136957982_+,31.290771,19.696167,21.403095,25804,30804,silencing,K562,-0.31599337,Silencer
8,-0.6184909,-0.4384497,IL20RB_chr3_136957982_+,27.78403,19.696167,15.602131,40804,45804,silencing,K562,-0.4384497,Silencer
12,-0.8702089,-0.5396179,IL20RB_chr3_136957982_+,31.762808,19.696167,14.623028,60804,65804,silencing,K562,-0.5396179,Silencer
13,-0.79052454,-0.63147235,IL20RB_chr3_136957982_+,24.65714,19.696167,9.086838,65804,70804,silencing,K562,-0.63147235,Silencer
14,-0.64771503,-0.38108385,IL20RB_chr3_136957982_+,33.476894,19.696167,20.71939,70804,75804,silencing,K562,-0.38108385,Silencer
16,-0.5651671,-0.30995503,IL20RB_chr3_136957982_+,35.91368,19.696167,24.782055,80804,85804,silencing,K562,-0.30995503,Silencer
17,-0.64464307,-0.56918895,IL20RB_chr3_136957982_+,22.307175,19.696167,9.610177,85804,90804,silencing,K562,-0.56918895,Silencer
21,-1.1096395,-0.7462184,IL20RB_chr3_136957982_+,29.288536,19.696167,7.432892,110804,115804,silencing,K562,-0.7462184,Silencer
25,-0.75082624,-0.40540287,IL20RB_chr3_136957982_+,36.47828,19.696167,21.68988,130804,135804,silencing,K562,-0.40540287,Silencer
26,-0.67237973,-0.42268968,IL20RB_chr3_136957982_+,31.331032,19.696167,18.087729,135804,140804,silencing,K562,-0.42268968,Silencer
31,-0.67325497,-0.633118,IL20RB_chr3_136957982_+,20.94482,19.696167,7.684279,160804,165804,silencing,K562,-0.633118,Silencer
9,-0.88598883,-0.4561915,ZNF479_chr7_57132436_-,28.33359,14.588833,15.408047,45804,50804,silencing,K562,-0.4561915,Silencer
14,-0.85566956,-0.49239865,ZNF479_chr7_57132436_-,25.351856,14.588833,12.868636,70804,75804,silencing,K562,-0.49239865,Silencer
16,-0.93819094,-0.40267634,ZNF479_chr7_57132436_-,33.990353,14.588833,20.303242,80804,85804,silencing,K562,-0.40267634,Silencer
20,-1.295121,-0.7197469,ZNF479_chr7_57132436_-,26.251316,14.588833,7.3570137,105804,110804,silencing,K562,-0.7197469,Silencer
22,-0.6655057,-0.5131457,ZNF479_chr7_57132436_-,18.92046,14.588833,9.211508,115804,120804,silencing,K562,-0.5131457,Silencer
19,-1.9967738,-0.5660319,ENSG00000269026_chr19_57682044_+,172.23143,48.822994,74.74295,100804,105804,silencing,K562,-0.5660319,Silencer
19,-0.674676,-0.482698,ZIK1_chr19_57584144_+,37.019665,26.485777,19.150347,100804,105804,silencing,K562,-0.482698,Silencer
25,-0.46051723,-0.3351456,ZIK1_chr19_57584144_+,36.39361,26.485777,24.196451,130804,135804,silencing,K562,-0.3351456,Silencer
23,-0.59116435,-0.3939988,EEF1A2_chr20_63499083_-,42.785503,28.515654,25.928066,120804,125804,silencing,K562,-0.3939988,Silencer
31,-0.4513085,-0.32298183,EEF1A2_chr20_63499083_-,39.845448,28.515654,26.976091,160804,165804,silencing,K562,-0.32298183,Silencer
15,-0.97089356,-0.42816737,TCL1A_chr14_95714125_-,47.691566,21.032145,27.271593,75804,80804,silencing,K562,-0.42816737,Silencer
10,-0.5526443,-0.33222532,NXF2_chrX_102247166_+,40.356873,24.260769,26.949297,50804,55804,silencing,K562,-0.33222532,Silencer
27,-0.49258515,-0.321623,NXF2_chrX_102247166_+,37.15684,24.260769,25.206347,140804,145804,silencing,K562,-0.321623,Silencer
21,-1.3180206,-0.6233045,ZNF286A-TBC1D26_chr17_15699740_+,105.114944,49.709858,39.596325,110804,115804,silencing,K562,-0.6233045,Silencer
20,-0.58088046,-0.36559197,ENSG00000273734_chr19_2269524_+,34.117645,21.472813,21.644508,105804,110804,silencing,K562,-0.36559197,Silencer
19,-1.7967298,-0.664949,ZNF416_chr19_57578911_-,154.06586,57.017998,51.619923,100804,105804,silencing,K562,-0.664949,Silencer
19,-0.99881774,-0.33794737,KLF10_chr8_102655725_-,46.092117,15.595147,30.515408,100804,105804,silencing,K562,-0.33794737,Silencer
20,-0.4079409,-0.30519712,ZNF560_chr19_9498616_-,140.1159,104.826385,97.352936,105804,110804,silencing,K562,-0.30519712,Silencer
15,-0.5971628,-0.40444425,PLBD1_chr12_14567883_-,47.553192,32.206654,28.320578,75804,80804,silencing,K562,-0.40444425,Silencer
14,-0.43782672,-0.31633762,ZNF506_chr19_19821740_-,76.015305,54.922417,51.968803,70804,75804,silencing,K562,-0.31633762,Silencer
16,-0.470947,-0.40410095,ZNF506_chr19_19821740_-,64.00764,54.922417,38.14209,80804,85804,silencing,K562,-0.40410095,Silencer
23,-0.5105118,-0.4005374,ZNF506_chr19_19821740_-,70.00231,54.922417,41.963768,120804,125804,silencing,K562,-0.4005374,Silencer
26,-0.41894466,-0.35949972,ZNF506_chr19_19821740_-,64.00409,54.922417,40.994637,135804,140804,silencing,K562,-0.35949972,Silencer
22,-0.4692263,-0.3635693,FZD6_chr8_103298864_+,25.283407,19.590271,16.091137,115804,120804,silencing,K562,-0.3635693,Silencer
25,-0.67187804,-0.33891356,PPP1R3B_chr8_9150658_-,27.072529,13.65612,17.897282,130804,135804,silencing,K562,-0.33891356,Silencer
22,-0.42852205,-0.3350016,AKAP13_chr15_85380602_+,57.038994,44.59083,37.93084,115804,120804,silencing,K562,-0.3350016,Silencer
8,-0.42257965,-0.3270536,RAB40B_chr17_82698687_-,20.096369,15.5534935,13.523779,40804,45804,silencing,K562,-0.3270536,Silencer
19,-0.4269001,-0.317555,RAB40B_chr17_82698687_-,20.909094,15.5534935,14.269306,100804,105804,silencing,K562,-0.317555,Silencer
20,-0.5700746,-0.4578259,RAB40B_chr17_82698687_-,19.366863,15.5534935,10.500212,105804,110804,silencing,K562,-0.4578259,Silencer
23,-0.7055855,-0.40572312,RAB40B_chr17_82698687_-,27.04879,15.5534935,16.07447,120804,125804,silencing,K562,-0.40572312,Silencer
16,-0.78014946,-0.32215577,ENSG00000290263_chr4_2242121_-,35.06847,14.481213,23.77096,80804,85804,silencing,K562,-0.32215577,Silencer
19,-1.2360307,-0.39500895,ENSG00000290263_chr4_2242121_-,45.31346,14.481213,27.414238,100804,105804,silencing,K562,-0.39500895,Silencer
22,-1.4049214,-0.53235215,ZNF627_chr19_11597482_+,72.84891,27.603872,34.067635,115804,120804,silencing,K562,-0.53235215,Silencer
19,-1.2543061,-0.6670147,ZNF324B_chr19_58451646_+,89.66465,47.681854,29.857012,100804,105804,silencing,K562,-0.6670147,Silencer
22,-0.7402401,-0.40835372,ZNF324B_chr19_58451646_+,86.43492,47.681854,51.1389,115804,120804,silencing,K562,-0.40835372,Silencer
20,-0.74798447,-0.51593184,ZNF460_chr19_57280484_+,94.24759,65.00848,45.622257,105804,110804,silencing,K562,-0.51593184,Silencer
15,-1.0210872,-0.5246934,MBD3L1_chr19_8832376_+,32.210205,16.551458,15.309723,75804,80804,silencing,K562,-0.5246934,Silencer
23,-0.95311636,-0.5933404,ZNF26_chr12_132986366_+,103.45981,64.406494,42.072926,120804,125804,silencing,K562,-0.5933404,Silencer
23,-0.68190354,-0.43878806,ZNF253_chr19_19865881_+,50.086548,32.229454,28.109169,120804,125804,silencing,K562,-0.43878806,Silencer
15,-0.94760096,-0.34583145,ZNF93_chr19_19900945_+,92.27197,33.67509,60.361423,75804,80804,silencing,K562,-0.34583145,Silencer
17,-1.5819215,-0.6041132,ZNF93_chr19_19900945_+,88.18107,33.67509,34.90972,85804,90804,silencing,K562,-0.6041132,Silencer
22,-0.78809476,-0.31479573,ZNF93_chr19_19900945_+,84.30598,33.67509,57.766815,115804,120804,silencing,K562,-0.31479573,Silencer
25,-1.5711501,-0.5546742,ZNF93_chr19_19900945_+,95.38684,33.67509,42.478218,130804,135804,silencing,K562,-0.5546742,Silencer
10,-0.68208146,-0.3236898,LDOC1_chrX_141177129_-,43.093628,20.450588,29.14466,50804,55804,silencing,K562,-0.3236898,Silencer
11,-0.73144,-0.3901658,LDOC1_chrX_141177129_-,38.338516,20.450588,23.380138,55804,60804,silencing,K562,-0.3901658,Silencer
15,-0.7306433,-0.35212705,LDOC1_chrX_141177129_-,42.433792,20.450588,27.491707,75804,80804,silencing,K562,-0.35212705,Silencer
19,-1.1114588,-0.58340645,LDOC1_chrX_141177129_-,38.960808,20.450588,16.230822,100804,105804,silencing,K562,-0.58340645,Silencer
22,-1.6915846,-0.72881126,LDOC1_chrX_141177129_-,47.466198,20.450588,12.872298,115804,120804,silencing,K562,-0.72881126,Silencer
24,-0.8604784,-0.34981856,LDOC1_chrX_141177129_-,50.30405,20.450588,32.70676,125804,130804,silencing,K562,-0.34981856,Silencer
21,-1.5402578,-0.69564104,ZNF12_chr7_6706923_-,100.42421,45.355522,30.565008,110804,115804,silencing,K562,-0.69564104,Silencer
9,-0.40132514,-0.31150886,OTUD1_chr10_23439074_+,18.274746,14.184871,12.582001,45804,50804,silencing,K562,-0.31150886,Silencer
12,-0.49288508,-0.3124899,ZNF33B_chr10_42638570_-,63.585464,40.313282,43.71565,60804,65804,silencing,K562,-0.3124899,Silencer
27,-0.74576926,-0.517264,ZNF33B_chr10_42638570_-,58.12198,40.313282,28.057571,140804,145804,silencing,K562,-0.517264,Silencer
15,-0.96017295,-0.4117135,MYO1G_chr7_44979015_-,33.245377,14.255318,19.557806,75804,80804,silencing,K562,-0.4117135,Silencer
19,-1.8986033,-0.5719349,MYO1G_chr7_44979015_-,47.32216,14.255318,20.256966,100804,105804,silencing,K562,-0.5719349,Silencer
21,-1.1597958,-0.37333637,MYO1G_chr7_44979015_-,44.28515,14.255318,27.751892,110804,115804,silencing,K562,-0.37333637,Silencer
24,-1.6242039,-0.5005678,MYO1G_chr7_44979015_-,46.254562,14.255318,23.101019,125804,130804,silencing,K562,-0.5005678,Silencer
19,-1.1643496,-0.47798523,KBTBD8_chr3_66998306_+,58.1791,23.883507,30.37035,100804,105804,silencing,K562,-0.47798523,Silencer
15,-0.5817664,-0.3969173,ZNF71_chr19_56595299_+,31.985312,21.822372,19.289787,75804,80804,silencing,K562,-0.3969173,Silencer
16,-0.51751405,-0.39124516,ZNF71_chr19_56595299_+,28.865238,21.822372,17.571854,80804,85804,silencing,K562,-0.39124516,Silencer
20,-0.76134664,-0.4704448,ZNF548_chr19_57389874_+,53.853394,33.276627,28.518345,105804,110804,silencing,K562,-0.4704448,Silencer
24,-0.6086585,-0.36992788,ZNF548_chr19_57389874_+,54.751484,33.276627,34.497383,125804,130804,silencing,K562,-0.36992788,Silencer
20,-2.372871,-0.59219855,TMEM86B_chr19_55228763_-,83.97601,20.957933,34.24554,105804,110804,silencing,K562,-0.59219855,Silencer
20,-0.66334087,-0.4378757,LRP3_chr19_33194329_+,21.31451,14.069849,11.981404,105804,110804,silencing,K562,-0.4378757,Silencer
19,-1.252589,-0.5434988,ZNF20_chr19_12140350_-,31.739605,13.771826,14.489168,100804,105804,silencing,K562,-0.5434988,Silencer
19,-1.0573527,-0.43710974,GADD45B_chr19_2476126_+,97.334305,40.238014,54.788532,100804,105804,silencing,K562,-0.43710974,Silencer
22,-1.0494597,-0.42445496,GADD45B_chr19_2476126_+,99.48799,40.238014,57.25982,115804,120804,silencing,K562,-0.42445496,Silencer
22,-0.9916777,-0.31243435,MAT2A_chr2_85539167_+,65.3666,20.594162,44.94383,115804,120804,silencing,K562,-0.31243435,Silencer
9,-0.45373866,-0.32741517,SNN_chr16_11668454_+,22.751602,16.417423,15.302382,45804,50804,silencing,K562,-0.32741517,Silencer
21,-0.49672842,-0.4012609,SNN_chr16_11668454_+,20.323437,16.417423,12.168436,110804,115804,silencing,K562,-0.4012609,Silencer
25,-0.6010582,-0.41821086,SNN_chr16_11668454_+,23.595337,16.417423,13.72751,130804,135804,silencing,K562,-0.41821086,Silencer
27,-1.0832969,-0.5249132,SNN_chr16_11668454_+,33.881687,16.417423,16.096743,140804,145804,silencing,K562,-0.5249132,Silencer
11,-0.635021,-0.3867196,SOCS5_chr2_46699294_+,23.123293,14.081789,14.181062,55804,60804,silencing,K562,-0.3867196,Silencer
19,-0.5577113,-0.3082684,SOCS5_chr2_46699294_+,25.476412,14.081789,17.622839,100804,105804,silencing,K562,-0.3082684,Silencer
20,-0.5236549,-0.36255723,SOCS5_chr2_46699294_+,20.338852,14.081789,12.964854,105804,110804,silencing,K562,-0.36255723,Silencer
21,-0.4277748,-0.3165129,SOCS5_chr2_46699294_+,19.031876,14.081789,13.008041,110804,115804,silencing,K562,-0.3165129,Silencer
23,-0.5343333,-0.30577224,SOCS5_chr2_46699294_+,24.607754,14.081789,17.083385,120804,125804,silencing,K562,-0.30577224,Silencer
30,-0.44619718,-0.41285446,SOCS5_chr2_46699294_+,15.219055,14.081789,8.935801,155804,160804,silencing,K562,-0.41285446,Silencer
22,-1.4501939,-0.6308216,RBAK_chr7_5045859_+,123.445335,53.69763,45.573357,115804,120804,silencing,K562,-0.6308216,Silencer
19,-0.5441088,-0.49396,ZNF892_chr2_95207520_+,20.779617,18.864424,10.515318,100804,105804,silencing,K562,-0.49396,Silencer
20,-0.75428253,-0.59579074,ZNF892_chr2_95207520_+,23.882723,18.864424,9.653618,105804,110804,silencing,K562,-0.59579074,Silencer
19,-0.4210673,-0.33680466,ZNF397_chr18_35241054_+,108.088295,86.45801,71.683655,100804,105804,silencing,K562,-0.33680466,Silencer
20,-0.57429343,-0.32701093,ZNF302_chr19_34677646_+,156.04024,88.851555,105.013374,105804,110804,silencing,K562,-0.32701093,Silencer
19,-1.529227,-0.8216555,ZNF304_chr19_57351270_+,38.226902,20.53936,6.8175592,100804,105804,silencing,K562,-0.8216555,Silencer
23,-0.871955,-0.4692178,ZNF304_chr19_57351270_+,38.16862,20.53936,20.259224,120804,125804,silencing,K562,-0.4692178,Silencer
21,-0.5205446,-0.37609714,ZNF275_chrX_153334146_+,75.12761,54.28023,46.87233,110804,115804,silencing,K562,-0.37609714,Silencer
19,-1.7577555,-0.55404377,ZNF552_chr19_57814913_-,90.706406,28.590618,40.451088,100804,105804,silencing,K562,-0.55404377,Silencer
20,-0.90525633,-0.71068233,USP7_chr16_8963906_-,29.986933,23.541601,8.675749,105804,110804,silencing,K562,-0.71068233,Silencer
16,-0.78096724,-0.41107875,CYB5D1_chr17_7858002_+,60.468796,31.82904,35.61136,80804,85804,silencing,K562,-0.41107875,Silencer
22,-0.47559556,-0.34557223,ZNF559-ZNF177_chr19_9324173_+,101.72811,73.91661,66.5737,115804,120804,silencing,K562,-0.34557223,Silencer
20,-1.0732619,-0.5119919,ZNF17_chr19_57411178_+,64.82664,30.925085,31.635921,105804,110804,silencing,K562,-0.5119919,Silencer
19,-0.95554286,-0.40876195,ZNF222_chr19_44025378_+,127.061516,54.35435,75.123604,100804,105804,silencing,K562,-0.40876195,Silencer
26,-0.6519626,-0.30301976,ZNF222_chr19_44025378_+,116.94618,54.35435,81.50918,135804,140804,silencing,K562,-0.30301976,Silencer
15,-0.55415434,-0.35323992,ZSCAN31_chr6_28336134_-,51.24595,32.6662,33.143833,75804,80804,silencing,K562,-0.35323992,Silencer
16,-0.77875847,-0.30859032,TREML2_chr6_41201149_-,74.61794,29.568058,51.591568,80804,85804,silencing,K562,-0.30859032,Silencer
19,-0.67124766,-0.32938358,ZNF671_chr19_57727624_-,33.483303,16.430374,22.454453,100804,105804,silencing,K562,-0.32938358,Silencer
22,-1.2965889,-0.5228751,ZNF264_chr19_57191500_+,177.18414,71.453,84.53897,115804,120804,silencing,K562,-0.5228751,Silencer
22,-0.9613665,-0.6146493,ZNF354A_chr5_178730659_-,43.09015,27.54967,16.60482,115804,120804,silencing,K562,-0.6146493,Silencer
22,-0.48594823,-0.35463375,ZNF266_chr19_9435571_-,133.49397,97.42081,86.152504,115804,120804,silencing,K562,-0.35463375,Silencer
22,-0.72918737,-0.5005412,ZNF197_chr3_44625018_+,129.86722,89.14566,64.86333,115804,120804,silencing,K562,-0.5005412,Silencer
22,-1.017197,-0.6481885,FOXO3B_chr17_18682314_-,121.0807,77.15626,42.597588,115804,120804,silencing,K562,-0.6481885,Silencer
15,-0.44308874,-0.33891588,TCF7L2_chr10_112950246_+,59.59268,45.58208,39.395775,75804,80804,silencing,K562,-0.33891588,Silencer
21,-0.529182,-0.31550172,CHAF1B_chr21_36385391_+,22.56141,13.451259,15.443247,110804,115804,silencing,K562,-0.31550172,Silencer
29,-0.43053585,-0.34619325,CHAF1B_chr21_36385391_+,16.72837,13.451259,10.937121,150804,155804,silencing,K562,-0.34619325,Silencer
20,-0.8681957,-0.5290771,ZNF443_chr19_12441021_-,44.976627,27.408688,21.180523,105804,110804,silencing,K562,-0.5290771,Silencer
21,-0.86662084,-0.49511188,NFIL3_chr9_91423832_-,94.72299,54.116493,47.824512,110804,115804,silencing,K562,-0.49511188,Silencer
18,-0.54583955,-0.33247867,PLEKHH3_chr17_42676994_-,45.717358,27.847095,30.517311,90804,95804,silencing,K562,-0.33247867,Silencer
19,-0.6326954,-0.38925233,PLEKHH3_chr17_42676994_-,45.263,27.847095,27.644272,100804,105804,silencing,K562,-0.38925233,Silencer
20,-0.5310033,-0.32972115,PLEKHH3_chr17_42676994_-,44.84668,27.847095,30.05978,105804,110804,silencing,K562,-0.32972115,Silencer
19,-1.0707697,-0.43085495,MYBL1_chr8_66613294_-,73.03128,29.386234,41.56539,100804,105804,silencing,K562,-0.43085495,Silencer
23,-2.2839916,-0.661018,ZNF606_chr19_58002819_-,72.901855,21.098782,24.71242,120804,125804,silencing,K562,-0.661018,Silencer
28,-0.9440191,-0.4325289,ZNF717_chr3_75785549_-,33.74865,15.462894,19.151382,145804,150804,silencing,K562,-0.4325289,Silencer
20,-1.3161154,-0.5421644,ZNF555_chr19_2841474_+,55.187336,22.734032,25.266727,105804,110804,silencing,K562,-0.5421644,Silencer
27,-0.5886856,-0.35011038,ZNF225_chr19_44113398_+,130.06946,77.356514,84.53079,140804,145804,silencing,K562,-0.35011038,Silencer
9,-0.4282547,-0.31488684,ENSG00000288208_chr1_45491155_-,35.533676,26.127178,24.34459,45804,50804,silencing,K562,-0.31488684,Silencer
13,-0.542897,-0.36324167,ENSG00000288208_chr1_45491155_-,39.049393,26.127178,24.865026,65804,70804,silencing,K562,-0.36324167,Silencer
15,-0.569049,-0.3589756,ENSG00000288208_chr1_45491155_-,41.41687,26.127178,26.549225,75804,80804,silencing,K562,-0.3589756,Silencer
24,-0.72019875,-0.38319492,ENSG00000288208_chr1_45491155_-,49.104935,26.127178,30.288174,125804,130804,silencing,K562,-0.38319492,Silencer
29,-0.6062346,-0.35670677,ENSG00000288208_chr1_45491155_-,44.403976,26.127178,28.564777,150804,155804,silencing,K562,-0.35670677,Silencer
20,-1.0145304,-0.42162523,ENSG00000269533_chr19_57390007_+,72.781715,30.247103,42.095108,105804,110804,silencing,K562,-0.42162523,Silencer
24,-0.8212753,-0.39265695,ENSG00000269533_chr19_57390007_+,63.264378,30.247103,38.42318,125804,130804,silencing,K562,-0.39265695,Silencer
20,-1.0092394,-0.5073062,ZNF189_chr9_101398850_+,99.1153,49.821487,48.833492,105804,110804,silencing,K562,-0.5073062,Silencer
13,-0.52586365,-0.46095237,ZFP69_chr1_40477289_+,23.22369,20.357018,12.518675,65804,70804,silencing,K562,-0.46095237,Silencer
22,-0.6961761,-0.47730118,ZFP69_chr1_40477289_+,29.69209,20.357018,15.52002,115804,120804,silencing,K562,-0.47730118,Silencer
21,-0.56336874,-0.3195987,ETV3_chr1_157138474_-,93.24939,52.900314,63.447006,110804,115804,silencing,K562,-0.3195987,Silencer
24,-0.33064878,-0.32131037,AK7_chr14_96392127_+,24.183718,23.500704,16.413239,125804,130804,silencing,K562,-0.32131037,Silencer
25,-0.5753435,-0.44871792,AK7_chr14_96392127_+,30.132465,23.500704,16.611488,130804,135804,silencing,K562,-0.44871792,Silencer
27,-0.5117946,-0.37506905,AK7_chr14_96392127_+,32.06752,23.500704,20.039986,140804,145804,silencing,K562,-0.37506905,Silencer
21,-1.0008885,-0.5529366,ZNF286A_chr17_15699776_+,104.258705,57.597286,46.61025,110804,115804,silencing,K562,-0.5529366,Silencer
19,-0.576368,-0.45377657,ZNF324_chr19_58467079_+,43.139015,33.9635,23.563541,100804,105804,silencing,K562,-0.45377657,Silencer
8,-0.48005807,-0.32055193,ADGRG1_chr16_57628554_+,20.953037,13.991092,14.236501,40804,45804,silencing,K562,-0.32055193,Silencer
15,-0.57550347,-0.4678098,ADGRG1_chr16_57628554_+,17.211956,13.991092,9.160034,75804,80804,silencing,K562,-0.4678098,Silencer
26,-0.73872244,-0.51032495,ADGRG1_chr16_57628554_+,20.252848,13.991092,9.917315,135804,140804,silencing,K562,-0.51032495,Silencer
23,-0.76927745,-0.46585804,PLPPR2_chr19_11355497_+,27.244497,16.498688,14.552429,120804,125804,silencing,K562,-0.46585804,Silencer
11,-0.62705874,-0.44694445,N6AMT1_chr21_28885367_-,21.367802,15.230185,11.817581,55804,60804,silencing,K562,-0.44694445,Silencer
16,-0.6655823,-0.49750844,N6AMT1_chr21_28885367_-,20.375416,15.230185,10.238475,80804,85804,silencing,K562,-0.49750844,Silencer
19,-2.1311712,-0.7083602,ZNF134_chr19_57614241_+,90.56862,30.10326,26.413414,100804,105804,silencing,K562,-0.7083602,Silencer
23,-1.5452081,-0.44897693,ZNF134_chr19_57614241_+,103.60399,30.10326,57.08819,120804,125804,silencing,K562,-0.44897693,Silencer
21,-0.5044087,-0.3343304,ZNF124_chr1_247172002_-,163.37808,108.28969,108.75582,110804,115804,silencing,K562,-0.3343304,Silencer
19,-1.0776985,-0.44874495,ZNF665_chr19_53193358_-,44.516006,18.536106,24.539673,100804,105804,silencing,K562,-0.44874495,Silencer
16,-0.51737255,-0.44985485,STARD5_chr15_81324141_-,27.84819,24.21397,15.320547,80804,85804,silencing,K562,-0.44985485,Silencer
20,-1.0117817,-0.73826295,STARD5_chr15_81324141_-,33.184994,24.21397,8.685741,105804,110804,silencing,K562,-0.73826295,Silencer
21,-0.77428466,-0.43120196,TRAPPC2B_chr19_57363566_+,98.566666,54.892136,56.064526,110804,115804,silencing,K562,-0.43120196,Silencer
22,-0.53874695,-0.4028627,ZNF723_chr19_22832290_+,85.260925,63.75618,50.91248,115804,120804,silencing,K562,-0.4028627,Silencer
23,-0.45657554,-0.35668564,ZNF723_chr19_22832290_+,81.611115,63.75618,52.501602,120804,125804,silencing,K562,-0.35668564,Silencer
23,-0.915052,-0.5659183,ZFP90_chr16_68539290_+,38.268887,23.667578,16.611822,120804,125804,silencing,K562,-0.5659183,Silencer
21,-0.5025453,-0.36480644,ZNF550_chr19_57559812_-,122.315414,88.79091,77.69396,110804,115804,silencing,K562,-0.36480644,Silencer
22,-0.4580855,-0.31929815,ZNF550_chr19_57559812_-,127.3851,88.79091,86.71127,115804,120804,silencing,K562,-0.31929815,Silencer
14,-0.78656167,-0.4217866,ACSL6_chr5_131994579_-,28.272652,15.160955,16.347626,70804,75804,silencing,K562,-0.4217866,Silencer
29,-0.6436672,-0.3508182,ACSL6_chr5_131994579_-,27.816715,15.160955,18.058105,150804,155804,silencing,K562,-0.3508182,Silencer
19,0.37738466,6.272866,SQOR_chr15_45635028_+,6.459833,107.37497,46.9815,100804,105804,enhancing,PC-3,0.37738466,Enhancer
19,0.46104202,14.410567,GADD45GIP1_chr19_12957223_-,7.1557117,223.66263,110.273575,100804,105804,enhancing,PC-3,0.46104202,Enhancer
19,0.3071638,6.935344,MIF4GD_chr17_75271227_-,2.520494,56.909355,20.000988,100804,105804,enhancing,PC-3,0.3071638,Enhancer
19,0.4816735,151.89355,ZNF619_chr3_40477141_+,0.05888326,18.56857,9.0028715,100804,105804,enhancing,PC-3,0.4816735,Enhancer
19,0.52153474,14.05035,ALKBH2_chr12_109093472_-,2.1075873,56.779232,31.719929,100804,105804,enhancing,PC-3,0.52153474,Enhancer
20,0.32431307,21.86492,COMMD6_chr13_75537841_-,3.7953224,255.8775,86.77974,105804,110804,enhancing,PC-3,0.32431307,Enhancer
21,0.382475,11.191651,ADAMTSL1_chr9_18474168_+,1.0003903,29.272552,12.196409,110804,115804,enhancing,PC-3,0.382475,Enhancer
19,0.59365743,14.727493,GALE_chr1_23800754_-,2.328141,57.75668,36.61582,100804,105804,enhancing,PC-3,0.59365743,Enhancer
19,0.7340871,34.65753,NME6_chr3_48301394_-,0.78633225,37.124115,28.038668,100804,105804,enhancing,PC-3,0.7340871,Enhancer
22,0.3242731,11.801036,CCDC191_chr3_114056526_-,0.45228153,16.459553,5.789672,115804,120804,enhancing,PC-3,0.3242731,Enhancer
19,0.37612054,28.495014,TMEM92_chr17_50274465_+,0.5355128,40.570625,15.794958,100804,105804,enhancing,PC-3,0.37612054,Enhancer
19,0.42148912,9.462729,DNASE1L1_chrX_154409254_-,1.5617843,35.063164,16.340527,100804,105804,enhancing,PC-3,0.42148912,Enhancer
19,0.49818313,28.272335,ANXA8L1_chr10_46375675_+,0.47014517,26.681156,13.762247,100804,105804,enhancing,PC-3,0.49818313,Enhancer
19,0.35708758,11.304581,GEM_chr8_94262319_-,0.49610847,15.705667,6.104407,100804,105804,enhancing,PC-3,0.35708758,Enhancer
19,0.49506825,15.608284,ENSG00000290146_chr12_6970920_+,3.6738815,115.828445,61.01687,100804,105804,enhancing,PC-3,0.49506825,Enhancer
19,0.3493446,8.481031,SIRT3_chr11_236352_-,0.86636287,21.032673,8.214014,100804,105804,enhancing,PC-3,0.3493446,Enhancer
19,0.52343416,178.33488,CDH13_chr16_82626969_+,0.13661519,46.54502,24.49987,100804,105804,enhancing,PC-3,0.52343416,Enhancer
19,0.33861932,10.238409,NMB_chr15_84658199_-,0.6487383,19.61509,7.2907867,100804,105804,enhancing,PC-3,0.33861932,Enhancer
19,0.6049407,184.02075,NUP85_chr17_75205706_+,0.39341256,119.67465,72.78948,100804,105804,enhancing,PC-3,0.6049407,Enhancer
19,0.6232069,23.148115,MKS1_chr17_58219255_-,1.5569327,57.83,37.596992,100804,105804,enhancing,PC-3,0.6232069,Enhancer
19,0.3021841,59.429474,PTMS_chr12_6766374_+,0.37146214,73.05414,22.447262,100804,105804,enhancing,PC-3,0.3021841,Enhancer
19,0.63373476,12.210553,DKK1_chr10_52314280_+,4.502165,86.74595,59.476086,100804,105804,enhancing,PC-3,0.63373476,Enhancer
19,0.49021375,14.631563,EMG1_chr12_6970912_+,3.8574042,115.13315,60.297256,100804,105804,enhancing,PC-3,0.49021375,Enhancer
19,0.3549434,16.761032,IFI27_chr14_94110814_+,0.35166824,16.606375,6.245991,100804,105804,enhancing,PC-3,0.3549434,Enhancer
19,0.37030745,9.622599,GSS_chr20_34955806_-,2.2929888,59.5843,24.3575,100804,105804,enhancing,PC-3,0.37030745,Enhancer
19,0.37993744,29.294418,SMG8_chr17_59210034_+,0.55752337,42.986874,16.889847,100804,105804,enhancing,PC-3,0.37993744,Enhancer
19,0.31371647,8.539136,LY6E_chr8_143018482_+,7.153675,194.71786,68.239876,100804,105804,enhancing,PC-3,0.31371647,Enhancer
20,0.33299646,6.516994,INSYN2B_chr5_169980495_-,1.1669892,22.838867,8.772251,105804,110804,enhancing,PC-3,0.33299646,Enhancer
20,0.42626405,13.473021,ARHGAP11A_chr15_32615503_+,2.485642,78.564224,35.974747,105804,110804,enhancing,PC-3,0.42626405,Enhancer
19,0.357479,8.569543,RBMY1F_chrY_22182923_-,6.594207,158.07736,63.103546,100804,105804,enhancing,PC-3,0.357479,Enhancer
19,0.30129,6.3109193,KLK10_chr19_51019709_-,2.0651152,43.256584,15.097891,100804,105804,enhancing,PC-3,0.30129,Enhancer
18,0.38807282,9.853289,CARD6_chr5_40841307_+,0.6562989,16.663631,7.123001,90804,95804,enhancing,PC-3,0.38807282,Enhancer
19,0.31164476,6.652487,NIBAN2_chr9_127569073_-,8.137711,173.71065,62.273724,100804,105804,enhancing,PC-3,0.31164476,Enhancer
20,0.3021866,22.223644,TOP3B_chr22_21982787_-,0.5806933,42.705803,13.485815,105804,110804,enhancing,PC-3,0.3021866,Enhancer
19,0.32655933,8.674978,SMIM22_chr16_4795368_+,1.190188,31.617088,11.515044,100804,105804,enhancing,PC-3,0.32655933,Enhancer
23,-1.2937844,-0.56042254,ZNF606_chr19_58002819_-,34.17533,14.803569,15.022705,120804,125804,silencing,PC-3,-0.56042254,Silencer
23,-0.5912068,-0.426501,ZNF700_chr19_11925067_+,21.221247,15.309167,12.170363,120804,125804,silencing,PC-3,-0.426501,Silencer
20,-0.47081575,-0.4009006,ZNF555_chr19_2841474_+,18.267658,15.554949,10.944143,105804,110804,silencing,PC-3,-0.4009006,Silencer
19,-1.1729993,-0.6131899,ZNF324_chr19_58467055_+,30.069584,15.71899,11.63122,100804,105804,silencing,PC-3,-0.6131899,Silencer
19,-1.7543736,-0.65360576,ZNF324B_chr19_58451646_+,42.19526,15.720178,14.616197,100804,105804,silencing,PC-3,-0.65360576,Silencer
22,-1.2229668,-0.51582414,ZNF324B_chr19_58451646_+,37.27095,15.720178,18.045694,115804,120804,silencing,PC-3,-0.51582414,Silencer
22,-0.9517001,-0.34762353,SEC24B_chr4_109433771_+,43.194527,15.777485,28.179092,115804,120804,silencing,PC-3,-0.34762353,Silencer
24,-1.0413067,-0.4605211,SEC24B_chr4_109433771_+,35.67524,15.777485,19.246038,125804,130804,silencing,PC-3,-0.4605211,Silencer
15,-0.980209,-0.48253742,ZNF177_chr19_9363012_+,32.2955,15.898434,16.711714,75804,80804,silencing,PC-3,-0.48253742,Silencer
22,-1.3038634,-0.74209356,ZNF177_chr19_9363012_+,27.933655,15.898434,7.2042704,115804,120804,silencing,PC-3,-0.74209356,Silencer
28,-0.7283797,-0.4107245,ZNF177_chr19_9363012_+,28.194319,15.898434,16.614222,145804,150804,silencing,PC-3,-0.4107245,Silencer
21,-0.70465094,-0.42633152,ZNF57_chr19_2900927_+,26.30553,15.915507,15.090653,110804,115804,silencing,PC-3,-0.42633152,Silencer
20,-0.7034846,-0.50918067,ZNF443_chr19_12441021_-,22.745247,16.462961,11.163807,105804,110804,silencing,PC-3,-0.50918067,Silencer
19,-1.4135859,-0.6148498,ZNF530_chr19_57599884_+,38.00494,16.530535,14.6376095,100804,105804,silencing,PC-3,-0.6148498,Silencer
22,-1.3205374,-0.6522627,ZNF530_chr19_57599884_+,33.46687,16.530535,11.63768,115804,120804,silencing,PC-3,-0.6522627,Silencer
26,-1.2624521,-0.5641284,ZNF530_chr19_57599884_+,36.993366,16.530535,16.124357,135804,140804,silencing,PC-3,-0.5641284,Silencer
19,-0.7862476,-0.5122722,ZNF574_chr19_42076165_+,25.515015,16.624065,12.444383,100804,105804,silencing,PC-3,-0.5122722,Silencer
21,-1.0302798,-0.4866906,ZNF483_chr9_111525188_+,35.694252,16.861494,18.322195,110804,115804,silencing,PC-3,-0.4866906,Silencer
22,-0.827842,-0.33388916,ZNF483_chr9_111525188_+,41.806248,16.861494,27.847595,115804,120804,silencing,PC-3,-0.33388916,Silencer
23,-0.7818156,-0.32493874,ZNF483_chr9_111525188_+,40.569427,16.861494,27.386848,120804,125804,silencing,PC-3,-0.32493874,Silencer
20,-0.59779257,-0.3188514,HELB_chr12_66302492_+,32.29245,17.224192,21.995956,105804,110804,silencing,PC-3,-0.3188514,Silencer
20,-0.8324364,-0.50993246,ZNF586_chr19_57769675_+,28.490278,17.452526,13.96216,105804,110804,silencing,PC-3,-0.50993246,Silencer
19,-0.7216945,-0.37615564,FBXW5_chr9_136944738_-,33.80995,17.622143,21.092148,100804,105804,silencing,PC-3,-0.37615564,Silencer
19,-1.2831494,-0.677635,ZNF419_chr19_57487770_+,33.506138,17.694693,10.801206,100804,105804,silencing,PC-3,-0.677635,Silencer
22,-1.0959364,-0.5115674,ZNF419_chr19_57487770_+,37.90753,17.694693,18.515274,115804,120804,silencing,PC-3,-0.5115674,Silencer
21,-1.3105276,-0.6303576,ZNF12_chr7_6706923_-,38.615685,18.573963,14.273995,110804,115804,silencing,PC-3,-0.6303576,Silencer
13,-0.48842627,-0.340738,ZNF582_chr19_56393520_-,26.999548,18.835539,17.799776,65804,70804,silencing,PC-3,-0.340738,Silencer
20,-0.9969606,-0.66758394,ZNF582_chr19_56393520_-,28.128733,18.835539,9.350443,105804,110804,silencing,PC-3,-0.66758394,Silencer
21,-0.79265106,-0.59928805,ZNF582_chr19_56393520_-,24.91291,18.835539,9.982901,110804,115804,silencing,PC-3,-0.59928805,Silencer
24,-0.3770972,-0.3179816,ZNF582_chr19_56393520_-,22.337233,18.835539,15.234404,125804,130804,silencing,PC-3,-0.3179816,Silencer
19,-2.2861283,-0.72333187,ZNF416_chr19_57578911_-,62.740208,19.851027,17.358215,100804,105804,silencing,PC-3,-0.72333187,Silencer
24,-1.2970077,-0.41852778,ZNF416_chr19_57578911_-,61.51786,19.851027,35.770927,125804,130804,silencing,PC-3,-0.41852778,Silencer
19,-2.4711814,-0.6689613,ENSG00000269026_chr19_57682044_+,74.26646,20.104305,24.585072,100804,105804,silencing,PC-3,-0.6689613,Silencer
22,-1.267742,-0.32568678,ENSG00000269026_chr19_57682044_+,78.25639,20.104305,52.76932,115804,120804,silencing,PC-3,-0.32568678,Silencer
20,-0.59663266,-0.44302407,ZNF189_chr9_101398872_+,27.251495,20.235346,15.178427,105804,110804,silencing,PC-3,-0.44302407,Silencer
21,-1.0269222,-0.48433727,ZNF547_chr19_57363550_+,44.350513,20.917461,22.869907,110804,115804,silencing,PC-3,-0.48433727,Silencer
19,-2.0701857,-0.64393,ZNF551_chr19_57682034_+,67.590546,21.024,24.066965,100804,105804,silencing,PC-3,-0.64393,Silencer
20,-1.023481,-0.32091975,ZNF551_chr19_57682034_+,67.04999,21.024,45.532322,105804,110804,silencing,PC-3,-0.32091975,Silencer
22,-1.0332968,-0.32395718,ZNF551_chr19_57682034_+,67.05835,21.024,45.334316,115804,120804,silencing,PC-3,-0.32395718,Silencer
22,-0.85952073,-0.5584857,ZNF510_chr9_96778087_-,32.385513,21.042942,14.298668,115804,120804,silencing,PC-3,-0.5584857,Silencer
24,-0.6480292,-0.3965852,ZNF567_chr19_36687611_+,34.613667,21.183102,20.886398,125804,130804,silencing,PC-3,-0.3965852,Silencer
25,-0.6914709,-0.4259456,ZNF567_chr19_36687611_+,34.38819,21.183102,19.740692,130804,135804,silencing,PC-3,-0.4259456,Silencer
26,-0.5756948,-0.42244014,ZNF773_chr19_57499934_+,28.93554,21.232662,16.712006,135804,140804,silencing,PC-3,-0.42244014,Silencer
23,-0.95788515,-0.6195924,ZNF26_chr12_132986366_+,33.335484,21.562515,12.68107,120804,125804,silencing,PC-3,-0.6195924,Silencer
21,-0.8928618,-0.43047556,TRAPPC2B_chr19_57363566_+,45.611412,21.990635,25.976814,110804,115804,silencing,PC-3,-0.43047556,Silencer
22,-1.3205172,-0.63461035,RBAK-RBAKDN_chr7_5045910_+,45.879803,22.048784,16.764004,115804,120804,silencing,PC-3,-0.63461035,Silencer
23,-0.62694025,-0.42794672,ZNF136_chr19_12163095_+,32.736294,22.345654,18.726904,120804,125804,silencing,PC-3,-0.42794672,Silencer
27,-0.49172288,-0.3452982,ZNF136_chr19_12163095_+,31.821392,22.345654,20.833523,140804,145804,silencing,PC-3,-0.3452982,Silencer
22,-0.7685677,-0.49263814,ZNF16_chr8_144950880_-,35.147808,22.529118,17.832657,115804,120804,silencing,PC-3,-0.49263814,Silencer
20,-0.6619306,-0.45586488,ZNF485_chr10_43606425_+,32.7274,22.539028,17.808128,105804,110804,silencing,PC-3,-0.45586488,Silencer
23,-1.0443349,-0.34486833,PLD5P1_chr10_38094367_+,68.43456,22.598991,44.83365,120804,125804,silencing,PC-3,-0.34486833,Silencer
21,-1.0279081,-0.4804919,ENSG00000268133_chr19_57363565_+,49.133453,22.967255,25.525227,110804,115804,silencing,PC-3,-0.4804919,Silencer
23,-0.9969739,-0.36245975,ZNF37A_chr10_38094335_+,64.23987,23.355042,40.9555,120804,125804,silencing,PC-3,-0.36245975,Silencer
26,-0.56058913,-0.3924624,ZNF670_chr1_247078811_-,34.07143,23.85304,20.699675,135804,140804,silencing,PC-3,-0.3924624,Silencer
21,-0.83031625,-0.4874899,ZNF550_chr19_57559812_-,43.00988,25.251682,22.042997,110804,115804,silencing,PC-3,-0.4874899,Silencer
22,-1.0563223,-0.5643764,ZNF550_chr19_57559812_-,47.262634,25.251682,20.588718,115804,120804,silencing,PC-3,-0.5643764,Silencer
22,-1.4143963,-0.63284993,RBAK_chr7_5045859_+,57.07078,25.535446,20.953543,115804,120804,silencing,PC-3,-0.63284993,Silencer
22,-0.6533811,-0.44257033,ZNF559_chr19_9324178_+,38.858658,26.321068,21.660969,115804,120804,silencing,PC-3,-0.44257033,Silencer
21,-1.3471961,-0.5990312,ZNF260_chr19_36528271_-,61.075726,27.157343,24.489462,110804,115804,silencing,PC-3,-0.5990312,Silencer
22,-0.6871592,-0.47975516,ZNF559-ZNF177_chr19_9324173_+,39.007637,27.234032,20.293522,115804,120804,silencing,PC-3,-0.47975516,Silencer
21,-1.0647706,-0.57386917,ZNF286A-TBC1D26_chr17_15699740_+,51.66414,27.844925,22.015682,110804,115804,silencing,PC-3,-0.57386917,Silencer
22,-0.75704074,-0.46653518,ZNF229_chr19_44448472_-,45.66661,28.142582,24.36153,115804,120804,silencing,PC-3,-0.46653518,Silencer
20,-0.801486,-0.5568227,ZNF460_chr19_57280484_+,41.807602,29.045326,18.52818,105804,110804,silencing,PC-3,-0.5568227,Silencer
19,-0.87445205,-0.51064664,ZNF222_chr19_44025378_+,50.858185,29.699238,24.887625,100804,105804,silencing,PC-3,-0.51064664,Silencer
26,-0.5085351,-0.31040236,ZNF222_chr19_44025378_+,48.656536,29.699238,33.553432,135804,140804,silencing,PC-3,-0.31040236,Silencer
22,-0.5127367,-0.33048847,ZNF225_chr19_44113398_+,46.260086,29.817305,30.97166,115804,120804,silencing,PC-3,-0.33048847,Silencer
27,-0.57589173,-0.3988777,ZNF225_chr19_44113398_+,43.049633,29.817305,25.878094,140804,145804,silencing,PC-3,-0.3988777,Silencer
21,-1.0626053,-0.6014519,ZNF286A_chr17_15699776_+,52.876015,29.928684,21.073637,110804,115804,silencing,PC-3,-0.6014519,Silencer
21,-0.5469451,-0.33273935,ETV3_chr1_157138474_-,49.35544,30.02586,32.93294,110804,115804,silencing,PC-3,-0.33273935,Silencer
25,-1.1887252,-0.6427819,ZNF718_chr4_124537_+,56.889435,30.761946,20.321934,130804,135804,silencing,PC-3,-0.6427819,Silencer
26,-0.63993376,-0.36475667,ZNF718_chr4_124537_+,53.96915,30.761946,34.283543,135804,140804,silencing,PC-3,-0.36475667,Silencer
22,-1.3710155,-0.61625075,ZNF264_chr19_57191536_+,70.74455,31.798605,27.148169,115804,120804,silencing,PC-3,-0.61625075,Silencer
19,-0.5766546,-0.38755143,ZNF397_chr18_35241036_+,47.435287,31.879765,29.051674,100804,105804,silencing,PC-3,-0.38755143,Silencer
19,-0.90919375,-0.428676,ZNF302_chr19_34677646_+,67.70777,31.923553,38.683075,100804,105804,silencing,PC-3,-0.428676,Silencer
20,-1.0847245,-0.50596255,ZNF302_chr19_34677646_+,68.44037,31.923553,33.812107,105804,110804,silencing,PC-3,-0.50596255,Silencer
22,-0.93235403,-0.53495747,ZNF268_chr12_133181513_+,56.29326,32.299423,26.17876,115804,120804,silencing,PC-3,-0.53495747,Silencer
23,-0.52311915,-0.31462824,ZNF268_chr12_133181513_+,53.702892,32.299423,36.806446,120804,125804,silencing,PC-3,-0.31462824,Silencer
20,-1.0747001,-0.5814222,ZNF230_chr19_44002956_+,61.04664,33.026768,25.552769,105804,110804,silencing,PC-3,-0.5814222,Silencer
24,-0.7022422,-0.47636908,ZNF230_chr19_44002956_+,48.686596,33.026768,25.493807,125804,130804,silencing,PC-3,-0.47636908,Silencer
21,-0.5219053,-0.37940618,ZNF235_chr19_44305025_-,45.465485,33.051754,28.2156,110804,115804,silencing,PC-3,-0.37940618,Silencer
13,-0.72672284,-0.32358015,ZNF197_chr3_44625018_+,76.83856,34.21309,51.97513,65804,70804,silencing,PC-3,-0.32358015,Silencer
22,-1.4067125,-0.66455686,ZNF197_chr3_44625018_+,72.42116,34.21309,24.293179,115804,120804,silencing,PC-3,-0.66455686,Silencer
25,-1.1960686,-0.53029615,ZNF197_chr3_44625018_+,77.1667,34.21309,36.2455,130804,135804,silencing,PC-3,-0.53029615,Silencer
22,-0.70315456,-0.44409522,ZNF266_chr19_9435571_-,54.385498,34.34855,30.233158,115804,120804,silencing,PC-3,-0.44409522,Silencer
20,-0.63968754,-0.47948802,ZNF560_chr19_9498616_-,47.367702,35.50522,24.655457,105804,110804,silencing,PC-3,-0.47948802,Silencer
24,-0.43224975,-0.32372695,ZNF560_chr19_9498616_-,47.40761,35.50522,32.06049,125804,130804,silencing,PC-3,-0.32372695,Silencer
22,-0.9981199,-0.61782914,FOXO3B_chr17_18682314_-,63.43968,39.26871,24.244797,115804,120804,silencing,PC-3,-0.61782914,Silencer
22,-0.56718665,-0.37602267,GCC2_chr2_108449106_+,69.24489,45.906662,43.20724,115804,120804,silencing,PC-3,-0.37602267,Silencer
31,-0.52080315,-0.3282081,ZNF669_chr1_247104278_-,72.98999,45.998005,49.034084,160804,165804,silencing,PC-3,-0.3282081,Silencer
21,-0.6258961,-0.41833144,HJURP_chr2_233854535_-,83.15431,55.57802,48.368248,110804,115804,silencing,PC-3,-0.41833144,Silencer
20,-0.4829456,-0.3014017,NKTR_chr3_42600742_+,90.284454,56.345657,63.072567,105804,110804,silencing,PC-3,-0.3014017,Silencer
26,-0.6186235,-0.40901312,NKTR_chr3_42600742_+,85.22159,56.345657,50.36484,135804,140804,silencing,PC-3,-0.40901312,Silencer
20,-0.5797185,-0.3839071,ENSG00000248710_chr3_160449829_-,86.67346,57.39779,53.398903,105804,110804,silencing,PC-3,-0.3839071,Silencer
16,-1.0579293,-0.5792915,ZSCAN30_chr18_35290232_-,119.657814,65.521164,50.34106,80804,85804,silencing,PC-3,-0.5792915,Silencer
19,-0.75355667,-0.47954953,ASDURF_chr2_189661520_+,126.92738,80.77424,66.05942,100804,105804,silencing,PC-3,-0.47954953,Silencer
19,-0.54304725,-0.3894889,ASNSD1_chr2_189661384_+,114.633224,82.2182,69.984856,100804,105804,silencing,PC-3,-0.3894889,Silencer
19,-0.72553796,-0.46708372,ENSG00000286165_chr2_189661518_+,137.70386,88.6504,73.38463,100804,105804,silencing,PC-3,-0.46708372,Silencer
