chromosome,CRE start coordinate,CRE end coordinate,strand,gene,TSS coordinate,cell line,CRE type,normalized effect
chr19,46617537,46622537,-,PTGIR,46625037,GM12878,Enhancer,0.6590329
chr20,44644186,44649186,-,ADA,44651686,GM12878,Enhancer,0.4837231
chr11,118227521,118232521,-,JAML,118225021,GM12878,Enhancer,0.40277436
chr11,118212521,118217521,-,JAML,118225021,GM12878,Enhancer,0.32333967
chr2,201190626,201195626,+,CASP10,201183126,GM12878,Enhancer,0.3146145
chr14,75119548,75124548,-,NEK9,75127048,GM12878,Enhancer,0.30625165
chr3,48293894,48298894,-,NME6,48301394,GM12878,Enhancer,0.61765176
chr7,130493841,130498841,+,MEST,130486341,GM12878,Enhancer,0.77876943
chr2,74140412,74145412,-,BOLA3,74147912,GM12878,Enhancer,0.4047285
chr15,24957533,24962533,+,ENSG00000214265,24955033,GM12878,Enhancer,0.3564837
chr13,39045890,39050890,+,NHLRC3,39038390,GM12878,Enhancer,0.49454758
chr6,62298725,62303725,-,KHDRBS2,62286225,GM12878,Enhancer,1.0589517
chr3,123953729,123958729,-,CCDC14,123961229,GM12878,Enhancer,0.5912971
chr22,43179634,43184634,-,TTLL12,43187134,GM12878,Enhancer,0.33002675
chr19,17264376,17269376,+,ANKLE1,17281876,GM12878,Enhancer,0.3947507
chr8,143021028,143026028,+,LY6E,143018528,GM12878,Enhancer,0.39231715
chr1,157802620,157807620,-,FCRL1,157820120,GM12878,Enhancer,0.4018158
chr17,28895465,28900465,-,DHRS13,28902965,GM12878,Enhancer,0.31474692
chr17,28890465,28895465,-,DHRS13,28902965,GM12878,Enhancer,0.5161193
chr17,58341260,58346260,-,TSPOAP1,58328760,GM12878,Enhancer,0.39887238
chr17,58331260,58336260,-,TSPOAP1,58328760,GM12878,Enhancer,0.36368504
chr6,33017091,33022091,-,HLA-DOA,33009591,GM12878,Enhancer,0.37752065
chr6,32940622,32945622,-,ENSG00000248993,32953122,GM12878,Enhancer,0.5539627
chr1,155243749,155248749,-,GBA1,155241249,GM12878,Enhancer,0.31621584
chr15,30906392,30911392,+,FAN1,30903892,GM12878,Enhancer,0.39127892
chr19,12794300,12799300,-,PRDX2,12801800,GM12878,Enhancer,0.31463555
chr12,6768643,6773643,+,PTMS,6766143,GM12878,Enhancer,0.3549569
chrX,53084866,53089866,+,TSPYL2,53082366,GM12878,Enhancer,0.4344896
chr3,170040494,170045494,+,GPR160,170037994,GM12878,Enhancer,0.40053612
chr6,28269620,28274620,+,ENSG00000276302,28267120,GM12878,Enhancer,0.56072253
chr17,49700464,49705464,-,SLC35B1,49707964,GM12878,Enhancer,0.36588946
chr16,31347675,31352675,+,ITGAX,31355175,GM12878,Enhancer,0.35365131
chr17,49218074,49223074,-,GNGT2,49210574,GM12878,Enhancer,0.3882216
chr17,49213074,49218074,-,GNGT2,49210574,GM12878,Enhancer,0.30510205
chr6,105157514,105162514,-,POPDC3,105180014,GM12878,Enhancer,0.47158203
chr7,102304367,102309367,+,SH2B2,102286867,GM12878,Enhancer,0.80823714
chr11,47983079,47988079,+,PTPRJ,47980579,GM12878,Enhancer,0.31550276
chr2,203870270,203875270,+,CTLA4,203867770,GM12878,Enhancer,0.5133559
chr14,103515330,103520330,-,CKB,103522830,GM12878,Enhancer,0.5277878
chr1,1199071,1204071,-,TNFRSF18,1206571,GM12878,Enhancer,0.5438044
chr17,75208206,75213206,+,NUP85,75205706,GM12878,Enhancer,0.6415805
chr2,156340262,156345262,-,NR4A2,156332762,GM12878,Silencer,-0.37719083
chr19,57640698,57645698,+,ZNF211,57633198,GM12878,Silencer,-0.58001095
chr17,14238580,14243580,+,HS3ST3B1,14301080,GM12878,Silencer,-0.30225268
chr17,14288580,14293580,+,HS3ST3B1,14301080,GM12878,Silencer,-0.3584825
chr17,14303580,14308580,+,HS3ST3B1,14301080,GM12878,Silencer,-0.37360737
chr20,10191366,10196366,+,SNAP25,10218866,GM12878,Silencer,-0.33400622
chr20,10241366,10246366,+,SNAP25,10218866,GM12878,Silencer,-0.33453414
chr19,2848974,2853974,+,ZNF555,2841474,GM12878,Silencer,-0.6068709
chr18,2854505,2859505,+,EMILIN2,2847005,GM12878,Silencer,-0.5121619
chr10,112952746,112957746,+,TCF7L2,112950246,GM12878,Silencer,-0.37466973
chr19,34755729,34760729,-,ZNF599,34773229,GM12878,Silencer,-0.52704805
chr19,34740729,34745729,-,ZNF599,34773229,GM12878,Silencer,-0.4779255
chr3,75778049,75783049,-,ZNF717,75785549,GM12878,Silencer,-0.3121059
chr9,136957238,136962238,-,FBXW5,136944738,GM12878,Silencer,-0.3242537
chr9,136937238,136942238,-,FBXW5,136944738,GM12878,Silencer,-0.37221724
chr19,57975319,57980319,-,ZNF606,58002819,GM12878,Silencer,-0.51668495
chr2,187536938,187541938,-,TFPI,187554438,GM12878,Silencer,-0.5629613
chr19,58454146,58459146,+,ZNF324B,58451646,GM12878,Silencer,-0.4956606
chr19,58469146,58474146,+,ZNF324B,58451646,GM12878,Silencer,-0.35760576
chr19,57534855,57539855,+,ZNF549,57527355,GM12878,Silencer,-0.4325366
chr19,58469555,58474555,+,ZNF324,58467055,GM12878,Silencer,-0.4587543
chr15,51610271,51615271,-,DMXL2,51622771,GM12878,Silencer,-0.32978833
chr15,51600271,51605271,-,DMXL2,51622771,GM12878,Silencer,-0.4503261
chr15,51595271,51600271,-,DMXL2,51622771,GM12878,Silencer,-0.3589631
chr19,57418678,57423678,+,ZNF17,57411178,GM12878,Silencer,-0.5307481
chr8,103316364,103321364,+,FZD6,103298864,GM12878,Silencer,-0.32411763
chr19,57616737,57621737,+,ZNF134,57614237,GM12878,Silencer,-0.5238294
chrX,63328832,63333832,-,SPIN4,63351332,GM12878,Silencer,-0.31192356
chr19,57940206,57945206,-,ZNF256,57947706,GM12878,Silencer,-0.37439013
chr19,57925206,57930206,-,ZNF256,57947706,GM12878,Silencer,-0.5230969
chr10,43613925,43618925,+,ZNF485,43606425,GM12878,Silencer,-0.44551453
chr19,19710612,19715612,-,ZNF14,19733112,GM12878,Silencer,-0.5216161
chr19,57684544,57689544,+,ENSG00000269026,57682044,GM12878,Silencer,-0.45524418
chr10,38116835,38121835,+,ZNF37A,38094335,GM12878,Silencer,-0.35229817
chr10,38116867,38121867,+,PLD5P1,38094367,GM12878,Silencer,-0.3685903
chr19,12428521,12433521,-,ZNF443,12441021,GM12878,Silencer,-0.39032736
chr19,36715111,36720111,+,ZNF567,36687611,GM12878,Silencer,-0.37728944
chr19,36720111,36725111,+,ZNF567,36687611,GM12878,Silencer,-0.3920389
chr19,57684534,57689534,+,ZNF551,57682034,GM12878,Silencer,-0.45793238
chr19,57602384,57607384,+,ZNF530,57599884,GM12878,Silencer,-0.38184288
chr19,57617384,57622384,+,ZNF530,57599884,GM12878,Silencer,-0.41664425
chr19,57637384,57642384,+,ZNF530,57599884,GM12878,Silencer,-0.34470177
chr7,6689423,6694423,-,ZNF12,6706923,GM12878,Silencer,-0.57408607
chr19,44425972,44430972,-,ZNF229,44448472,GM12878,Silencer,-0.32353342
chr19,11947606,11952606,+,ZNF700,11925106,GM12878,Silencer,-0.40938365
chr19,11947610,11952610,+,ENSG00000267179,11925110,GM12878,Silencer,-0.40070266
chr7,5063320,5068320,+,RBAK,5045820,GM12878,Silencer,-0.52643216
chr19,36510768,36515768,-,ZNF260,36528268,GM12878,Silencer,-0.52323294
chr17,15712240,15717240,+,ZNF286A-TBC1D26,15699740,GM12878,Silencer,-0.5642726
chr10,93936472,93941472,+,SLC35G1,93893972,GM12878,Silencer,-0.30506587
chr19,57571411,57576411,-,ZNF416,57578911,GM12878,Silencer,-0.5359899
chr17,15712218,15717218,+,ZNF286A,15699718,GM12878,Silencer,-0.5615305
chr9,96755587,96760587,-,ZNF510,96778087,GM12878,Silencer,-0.5209198
chr19,47041124,47046124,-,TMEM160,47048624,GM12878,Silencer,-0.4093284
chrX,153346652,153351652,+,ZNF275,153334152,GM12878,Silencer,-0.3673344
chr17,18659814,18664814,-,FOXO3B,18682314,GM12878,Silencer,-0.5790765
chr12,133199021,133204021,+,ZNF268,133181521,GM12878,Silencer,-0.4080514
chr12,104459447,104464447,+,CHST11,104456947,K562,Enhancer,0.33312917
chr12,104464447,104469447,+,CHST11,104456947,K562,Enhancer,0.315873
chr6,31788252,31793252,-,VARS1,31795752,K562,Enhancer,0.3687549
chr11,69296657,69301657,+,MYEOV,69294157,K562,Enhancer,0.7387425
chr16,70526315,70531315,+,SF3B3,70523815,K562,Enhancer,0.38250583
chr1,113874212,113879212,-,PTPN22,113871712,K562,Enhancer,0.47887886
chr2,227327750,227332750,+,MFF,227325250,K562,Enhancer,0.5759927
chr10,17659867,17664867,-,HACD1,17617367,K562,Enhancer,0.3206728
chr10,13292564,13297564,-,PHYH,13300064,K562,Enhancer,0.39097926
chr15,63094360,63099360,+,LACTB,63121860,K562,Enhancer,0.35185072
chr15,63124360,63129360,+,LACTB,63121860,K562,Enhancer,0.53978354
chr19,12949723,12954723,-,GADD45GIP1,12957223,K562,Enhancer,0.47568586
chr17,45224384,45229384,+,FMNL1,45221884,K562,Enhancer,0.67563576
chr2,169481993,169486993,+,BBS5,169479493,K562,Enhancer,0.36981317
chr13,75525341,75530341,-,COMMD6,75537841,K562,Enhancer,0.37571785
chr15,55400806,55405806,-,CCPG1,55408306,K562,Enhancer,0.4379388
chr12,54977262,54982262,-,TESPA1,54984762,K562,Enhancer,0.816335
chr19,45086768,45091768,+,GEMIN7,45079268,K562,Enhancer,0.34173238
chr9,132981193,132986193,+,GFI1B,132978693,K562,Enhancer,0.3194234
chr9,133001193,133006193,+,GFI1B,132978693,K562,Enhancer,0.38340557
chr17,27598647,27603647,+,LGALS9,27631147,K562,Enhancer,0.5135382
chr17,27633647,27638647,+,LGALS9,27631147,K562,Enhancer,0.4368397
chr2,24072334,24077334,-,TP53I3,24084834,K562,Enhancer,0.513472
chr17,75208178,75213178,+,NUP85,75205678,K562,Enhancer,0.7302186
chr17,28569385,28574385,-,ALDOC,28576885,K562,Enhancer,0.44094026
chr7,20219904,20224904,-,MACC1,20217404,K562,Enhancer,0.9667943
chr16,3503511,3508511,+,CLUAP1,3501011,K562,Enhancer,0.3792099
chr19,53870382,53875382,+,MYADM,53867882,K562,Enhancer,0.55129904
chr12,52072477,52077477,+,ATG101,52069977,K562,Enhancer,0.51993454
chr4,74056695,74061695,-,CXCL2,74099195,K562,Enhancer,0.963687
chr5,39397480,39402480,-,DAB2,39424980,K562,Enhancer,0.3526194
chr3,128480416,128485416,-,GATA2,128487916,K562,Enhancer,0.60296893
chr1,167546262,167551262,-,CREG1,167553762,K562,Enhancer,0.5174506
chr20,36549018,36554018,+,MYL9,36541518,K562,Enhancer,0.40662295
chr6,28269620,28274620,+,ENSG00000276302,28267120,K562,Enhancer,0.58833694
chr4,73980660,73985660,-,ENSG00000288796,73988160,K562,Enhancer,0.36552203
chr15,74386458,74391458,-,SEMA7A,74433958,K562,Enhancer,0.8848956
chr10,49180854,49185854,-,TMEM273,49188354,K562,Enhancer,0.31384316
chr22,21970287,21975287,-,TOP3B,21982787,K562,Enhancer,0.3077925
chr17,59212534,59217534,+,SMG8,59210034,K562,Enhancer,0.35517722
chr2,170819386,170824386,+,GAD1,170816886,K562,Enhancer,0.5189132
chr15,40561831,40566831,+,RPUSD2,40569331,K562,Enhancer,0.33380803
chr15,40571831,40576831,+,RPUSD2,40569331,K562,Enhancer,0.34107986
chrX,151982176,151987176,-,GABRE,151974676,K562,Enhancer,0.50195694
chrX,151967176,151972176,-,GABRE,151974676,K562,Enhancer,0.33468238
chr14,75119548,75124548,-,NEK9,75127048,K562,Enhancer,0.5988312
chr8,85247957,85252957,+,CA13,85245457,K562,Enhancer,0.42627868
chr8,85252957,85257957,+,CA13,85245457,K562,Enhancer,0.51364493
chr8,85262957,85267957,+,CA13,85245457,K562,Enhancer,0.42925075
chr1,160535762,160540762,-,SLAMF6,160523262,K562,Enhancer,1.0052257
chr19,904832,909832,+,KISS1R,917332,K562,Enhancer,0.6653904
chr13,39030576,39035576,-,PROSER1,39038076,K562,Enhancer,0.50607944
chr13,39025576,39030576,-,PROSER1,39038076,K562,Enhancer,0.35212114
chr9,133267719,133272719,-,ABO,133275219,K562,Enhancer,0.47982636
chr3,184360707,184365707,-,THPO,184378207,K562,Enhancer,0.31447038
chr3,112673643,112678643,-,CCDC80,112641143,K562,Enhancer,0.39745218
chr1,151052896,151057896,+,MLLT11,151060396,K562,Enhancer,0.3122152
chr3,59042525,59047525,-,CFAP20DC,59050025,K562,Enhancer,1.1119202
chr10,87497392,87502392,+,MINPP1,87504892,K562,Enhancer,0.4273819
chr10,87507392,87512392,+,MINPP1,87504892,K562,Enhancer,0.46561828
chr15,83090180,83095180,+,TM6SF1,83107680,K562,Enhancer,0.40313795
chr11,34108128,34113128,+,NAT10,34105628,K562,Enhancer,0.6250329
chr11,5277283,5282283,-,ENSG00000284931,5254783,K562,Enhancer,0.56909585
chr4,54665441,54670441,+,KIT,54657941,K562,Enhancer,0.41940483
chr5,139650848,139655848,+,CXXC5,139648348,K562,Enhancer,0.71597064
chr5,139665848,139670848,+,CXXC5,139648348,K562,Enhancer,0.5494956
chr12,109085972,109090972,-,ALKBH2,109093472,K562,Enhancer,0.56664276
chr14,20471905,20476905,+,PNP,20469405,K562,Enhancer,0.5042114
chr8,86506934,86511934,+,CPNE3,86514434,K562,Enhancer,0.42879882
chr1,181021430,181026430,+,MR1,181033930,K562,Enhancer,0.34725824
chr1,181041430,181046430,+,MR1,181033930,K562,Enhancer,0.51833844
chr15,30906392,30911392,+,FAN1,30903892,K562,Enhancer,0.3949938
chrX,154401754,154406754,-,DNASE1L1,154409254,K562,Enhancer,0.36485642
chr3,48293894,48298894,-,NME6,48301394,K562,Enhancer,0.7085573
chr19,12388768,12393768,-,ZNF799,12401268,K562,Silencer,-0.3535828
chr19,12348768,12353768,-,ZNF799,12401268,K562,Silencer,-0.30460995
chr19,57975175,57980175,-,ZNF256,57947675,K562,Silencer,-0.44269258
chr19,57940175,57945175,-,ZNF256,57947675,K562,Silencer,-0.5783589
chr19,57925175,57930175,-,ZNF256,57947675,K562,Silencer,-0.70973563
chr19,57905175,57910175,-,ZNF256,57947675,K562,Silencer,-0.30097497
chr19,36715111,36720111,+,ZNF567,36687611,K562,Silencer,-0.4049352
chr19,36720111,36725111,+,ZNF567,36687611,K562,Silencer,-0.3577938
chr7,36379769,36384769,-,MATCAP2,36367269,K562,Silencer,-0.31202266
chr7,36339769,36344769,-,MATCAP2,36367269,K562,Silencer,-0.63860077
chr7,36334769,36339769,-,MATCAP2,36367269,K562,Silencer,-0.45818648
chr7,36289769,36294769,-,MATCAP2,36367269,K562,Silencer,-0.5165103
chr9,17167539,17172539,+,CNTLN,17135039,K562,Silencer,-0.3047202
chr9,17177539,17182539,+,CNTLN,17135039,K562,Silencer,-0.32486323
chr4,139456620,139461620,+,RAB33B,139454120,K562,Silencer,-0.4032575
chr19,36815887,36820887,-,ZNF790,36838387,K562,Silencer,-0.39341915
chr19,36810887,36815887,-,ZNF790,36838387,K562,Silencer,-0.42567256
chr19,57534855,57539855,+,ZNF549,57527355,K562,Silencer,-0.62783825
chr19,57544855,57549855,+,ZNF549,57527355,K562,Silencer,-0.3228272
chr19,57376065,57381065,+,ENSG00000268133,57363565,K562,Silencer,-0.4827499
chr19,34755729,34760729,-,ZNF599,34773229,K562,Silencer,-0.6887341
chr19,54833989,54838989,+,KIR3DL1,54816489,K562,Silencer,-0.44177756
chr7,1057784,1062784,+,GPR146,1055284,K562,Silencer,-0.3367815
chr19,57684534,57689534,+,ZNF551,57682034,K562,Silencer,-0.5677617
chr19,2913427,2918427,+,ZNF57,2900927,K562,Silencer,-0.34444258
chr19,37481855,37486855,+,ZNF570,37469355,K562,Silencer,-0.7038307
chr19,37667912,37672912,-,ZFP30,37655412,K562,Silencer,-0.4008376
chr19,37632912,37637912,-,ZFP30,37655412,K562,Silencer,-0.6857085
chr14,91430320,91435320,-,CCDC88C,91417820,K562,Silencer,-0.31447548
chr19,19750612,19755612,-,ZNF14,19733112,K562,Silencer,-0.35647443
chr19,19710612,19715612,-,ZNF14,19733112,K562,Silencer,-0.6166981
chr19,2277019,2282019,+,OAZ1,2269519,K562,Silencer,-0.46514526
chr19,34746742,34751742,+,ZNF181,34734242,K562,Silencer,-0.3483168
chr19,47041124,47046124,-,TMEM160,47048624,K562,Silencer,-0.47048557
chr2,71491060,71496060,+,DYSF,71453560,K562,Silencer,-0.30918503
chr2,71496060,71501060,+,DYSF,71453560,K562,Silencer,-0.39465243
chr2,71526060,71531060,+,DYSF,71453560,K562,Silencer,-0.31079197
chr1,209637911,209642911,+,G0S2,209675411,K562,Silencer,-0.38125354
chr1,209692911,209697911,+,G0S2,209675411,K562,Silencer,-0.67739207
chr1,209697911,209702911,+,G0S2,209675411,K562,Silencer,-0.341873
chr1,209712911,209717911,+,G0S2,209675411,K562,Silencer,-0.5045204
chr1,209717911,209722911,+,G0S2,209675411,K562,Silencer,-0.31735682
chr1,209727911,209732911,+,G0S2,209675411,K562,Silencer,-0.31557304
chr4,109451271,109456271,+,SEC24B,109433771,K562,Silencer,-0.35292396
chr19,12040467,12045467,-,ENSG00000257355,12052967,K562,Silencer,-0.561322
chr7,55585002,55590002,-,VOPP1,55572502,K562,Silencer,-0.33715186
chr7,55575002,55580002,-,VOPP1,55572502,K562,Silencer,-0.5016773
chr7,55530002,55535002,-,VOPP1,55572502,K562,Silencer,-0.5832771
chr19,57376050,57381050,+,ZNF547,57363550,K562,Silencer,-0.47185248
chr12,6448145,6453145,-,VAMP1,6470645,K562,Silencer,-0.5578685
chr19,57442824,57447824,+,ZNF749,57435324,K562,Silencer,-0.47820556
chr19,36510771,36515771,-,ZNF260,36528271,K562,Silencer,-0.678423
chr19,57871469,57876469,-,ZNF814,57888969,K562,Silencer,-0.67214644
chr19,57866469,57871469,-,ZNF814,57888969,K562,Silencer,-0.311238
chr19,57861469,57866469,-,ZNF814,57888969,K562,Silencer,-0.39129928
chr7,73742159,73747159,-,STX1A,73719659,K562,Silencer,-0.4130706
chr7,73722159,73727159,-,STX1A,73719659,K562,Silencer,-0.4994076
chr7,73687159,73692159,-,STX1A,73719659,K562,Silencer,-0.4718038
chr7,73667159,73672159,-,STX1A,73719659,K562,Silencer,-0.37706307
chr8,79825357,79830357,-,HEY1,79767857,K562,Silencer,-0.38214582
chr8,79785357,79790357,-,HEY1,79767857,K562,Silencer,-0.32267585
chr3,136885482,136890482,+,IL20RB,136957982,K562,Silencer,-0.31599337
chr3,136900482,136905482,+,IL20RB,136957982,K562,Silencer,-0.4384497
chr3,136920482,136925482,+,IL20RB,136957982,K562,Silencer,-0.5396179
chr3,136925482,136930482,+,IL20RB,136957982,K562,Silencer,-0.63147235
chr3,136930482,136935482,+,IL20RB,136957982,K562,Silencer,-0.38108385
chr3,136940482,136945482,+,IL20RB,136957982,K562,Silencer,-0.30995503
chr3,136945482,136950482,+,IL20RB,136957982,K562,Silencer,-0.56918895
chr3,136970482,136975482,+,IL20RB,136957982,K562,Silencer,-0.7462184
chr3,136990482,136995482,+,IL20RB,136957982,K562,Silencer,-0.40540287
chr3,136995482,137000482,+,IL20RB,136957982,K562,Silencer,-0.42268968
chr3,137020482,137025482,+,IL20RB,136957982,K562,Silencer,-0.633118
chr7,57179936,57184936,-,ZNF479,57132436,K562,Silencer,-0.4561915
chr7,57154936,57159936,-,ZNF479,57132436,K562,Silencer,-0.49239865
chr7,57144936,57149936,-,ZNF479,57132436,K562,Silencer,-0.40267634
chr7,57119936,57124936,-,ZNF479,57132436,K562,Silencer,-0.7197469
chr7,57109936,57114936,-,ZNF479,57132436,K562,Silencer,-0.5131457
chr19,57684544,57689544,+,ENSG00000269026,57682044,K562,Silencer,-0.5660319
chr19,57586644,57591644,+,ZIK1,57584144,K562,Silencer,-0.482698
chr19,57616644,57621644,+,ZIK1,57584144,K562,Silencer,-0.3351456
chr20,63471583,63476583,-,EEF1A2,63499083,K562,Silencer,-0.3939988
chr20,63431583,63436583,-,EEF1A2,63499083,K562,Silencer,-0.32298183
chr14,95731625,95736625,-,TCL1A,95714125,K562,Silencer,-0.42816737
chrX,102199666,102204666,+,NXF2,102247166,K562,Silencer,-0.33222532
chrX,102289666,102294666,+,NXF2,102247166,K562,Silencer,-0.321623
chr17,15712240,15717240,+,ZNF286A-TBC1D26,15699740,K562,Silencer,-0.6233045
chr19,2277024,2282024,+,ENSG00000273734,2269524,K562,Silencer,-0.36559197
chr19,57571411,57576411,-,ZNF416,57578911,K562,Silencer,-0.664949
chr8,102648225,102653225,-,KLF10,102655725,K562,Silencer,-0.33794737
chr19,9486116,9491116,-,ZNF560,9498616,K562,Silencer,-0.30519712
chr12,14585383,14590383,-,PLBD1,14567883,K562,Silencer,-0.40444425
chr19,19844240,19849240,-,ZNF506,19821740,K562,Silencer,-0.31633762
chr19,19834240,19839240,-,ZNF506,19821740,K562,Silencer,-0.40410095
chr19,19794240,19799240,-,ZNF506,19821740,K562,Silencer,-0.4005374
chr19,19779240,19784240,-,ZNF506,19821740,K562,Silencer,-0.35949972
chr8,103316364,103321364,+,FZD6,103298864,K562,Silencer,-0.3635693
chr8,9113158,9118158,-,PPP1R3B,9150658,K562,Silencer,-0.33891356
chr15,85398102,85403102,+,AKAP13,85380602,K562,Silencer,-0.3350016
chr17,82751187,82756187,-,RAB40B,82698687,K562,Silencer,-0.3270536
chr17,82691187,82696187,-,RAB40B,82698687,K562,Silencer,-0.317555
chr17,82686187,82691187,-,RAB40B,82698687,K562,Silencer,-0.4578259
chr17,82671187,82676187,-,RAB40B,82698687,K562,Silencer,-0.40572312
chr4,2254621,2259621,-,ENSG00000290263,2242121,K562,Silencer,-0.32215577
chr4,2234621,2239621,-,ENSG00000290263,2242121,K562,Silencer,-0.39500895
chr19,11614982,11619982,+,ZNF627,11597482,K562,Silencer,-0.53235215
chr19,58454146,58459146,+,ZNF324B,58451646,K562,Silencer,-0.6670147
chr19,58469146,58474146,+,ZNF324B,58451646,K562,Silencer,-0.40835372
chr19,57287984,57292984,+,ZNF460,57280484,K562,Silencer,-0.51593184
chr19,8809876,8814876,+,MBD3L1,8832376,K562,Silencer,-0.5246934
chr12,133008866,133013866,+,ZNF26,132986366,K562,Silencer,-0.5933404
chr19,19888381,19893381,+,ZNF253,19865881,K562,Silencer,-0.43878806
chr19,19878445,19883445,+,ZNF93,19900945,K562,Silencer,-0.34583145
chr19,19888445,19893445,+,ZNF93,19900945,K562,Silencer,-0.6041132
chr19,19918445,19923445,+,ZNF93,19900945,K562,Silencer,-0.31479573
chr19,19933445,19938445,+,ZNF93,19900945,K562,Silencer,-0.5546742
chrX,141219629,141224629,-,LDOC1,141177129,K562,Silencer,-0.3236898
chrX,141214629,141219629,-,LDOC1,141177129,K562,Silencer,-0.3901658
chrX,141194629,141199629,-,LDOC1,141177129,K562,Silencer,-0.35212705
chrX,141169629,141174629,-,LDOC1,141177129,K562,Silencer,-0.58340645
chrX,141154629,141159629,-,LDOC1,141177129,K562,Silencer,-0.72881126
chrX,141144629,141149629,-,LDOC1,141177129,K562,Silencer,-0.34981856
chr7,6689423,6694423,-,ZNF12,6706923,K562,Silencer,-0.69564104
chr10,23386574,23391574,+,OTUD1,23439074,K562,Silencer,-0.31150886
chr10,42671070,42676070,-,ZNF33B,42638570,K562,Silencer,-0.3124899
chr10,42591070,42596070,-,ZNF33B,42638570,K562,Silencer,-0.517264
chr7,44996515,45001515,-,MYO1G,44979015,K562,Silencer,-0.4117135
chr7,44971515,44976515,-,MYO1G,44979015,K562,Silencer,-0.5719349
chr7,44961515,44966515,-,MYO1G,44979015,K562,Silencer,-0.37333637
chr7,44946515,44951515,-,MYO1G,44979015,K562,Silencer,-0.5005678
chr3,67000806,67005806,+,KBTBD8,66998306,K562,Silencer,-0.47798523
chr19,56572799,56577799,+,ZNF71,56595299,K562,Silencer,-0.3969173
chr19,56577799,56582799,+,ZNF71,56595299,K562,Silencer,-0.39124516
chr19,57397374,57402374,+,ZNF548,57389874,K562,Silencer,-0.4704448
chr19,57417374,57422374,+,ZNF548,57389874,K562,Silencer,-0.36992788
chr19,55216263,55221263,-,TMEM86B,55228763,K562,Silencer,-0.59219855
chr19,33201829,33206829,+,LRP3,33194329,K562,Silencer,-0.4378757
chr19,12132850,12137850,-,ZNF20,12140350,K562,Silencer,-0.5434988
chr19,2478626,2483626,+,GADD45B,2476126,K562,Silencer,-0.43710974
chr19,2493626,2498626,+,GADD45B,2476126,K562,Silencer,-0.42445496
chr2,85556667,85561667,+,MAT2A,85539167,K562,Silencer,-0.31243435
chr16,11615954,11620954,+,SNN,11668454,K562,Silencer,-0.32741517
chr16,11680954,11685954,+,SNN,11668454,K562,Silencer,-0.4012609
chr16,11700954,11705954,+,SNN,11668454,K562,Silencer,-0.41821086
chr16,11710954,11715954,+,SNN,11668454,K562,Silencer,-0.5249132
chr2,46656794,46661794,+,SOCS5,46699294,K562,Silencer,-0.3867196
chr2,46701794,46706794,+,SOCS5,46699294,K562,Silencer,-0.3082684
chr2,46706794,46711794,+,SOCS5,46699294,K562,Silencer,-0.36255723
chr2,46711794,46716794,+,SOCS5,46699294,K562,Silencer,-0.3165129
chr2,46721794,46726794,+,SOCS5,46699294,K562,Silencer,-0.30577224
chr2,46756794,46761794,+,SOCS5,46699294,K562,Silencer,-0.41285446
chr7,5063359,5068359,+,RBAK,5045859,K562,Silencer,-0.6308216
chr2,95210020,95215020,+,ZNF892,95207520,K562,Silencer,-0.49396
chr2,95215020,95220020,+,ZNF892,95207520,K562,Silencer,-0.59579074
chr18,35243554,35248554,+,ZNF397,35241054,K562,Silencer,-0.33680466
chr19,34685146,34690146,+,ZNF302,34677646,K562,Silencer,-0.32701093
chr19,57353770,57358770,+,ZNF304,57351270,K562,Silencer,-0.8216555
chr19,57373770,57378770,+,ZNF304,57351270,K562,Silencer,-0.4692178
chrX,153346646,153351646,+,ZNF275,153334146,K562,Silencer,-0.37609714
chr19,57807413,57812413,-,ZNF552,57814913,K562,Silencer,-0.55404377
chr16,8951406,8956406,-,USP7,8963906,K562,Silencer,-0.71068233
chr17,7840502,7845502,+,CYB5D1,7858002,K562,Silencer,-0.41107875
chr19,9341673,9346673,+,ZNF559-ZNF177,9324173,K562,Silencer,-0.34557223
chr19,57418678,57423678,+,ZNF17,57411178,K562,Silencer,-0.5119919
chr19,44027878,44032878,+,ZNF222,44025378,K562,Silencer,-0.40876195
chr19,44062878,44067878,+,ZNF222,44025378,K562,Silencer,-0.30301976
chr6,28353634,28358634,-,ZSCAN31,28336134,K562,Silencer,-0.35323992
chr6,41213649,41218649,-,TREML2,41201149,K562,Silencer,-0.30859032
chr19,57720124,57725124,-,ZNF671,57727624,K562,Silencer,-0.32938358
chr19,57209000,57214000,+,ZNF264,57191500,K562,Silencer,-0.5228751
chr5,178708159,178713159,-,ZNF354A,178730659,K562,Silencer,-0.6146493
chr19,9413071,9418071,-,ZNF266,9435571,K562,Silencer,-0.35463375
chr3,44642518,44647518,+,ZNF197,44625018,K562,Silencer,-0.5005412
chr17,18659814,18664814,-,FOXO3B,18682314,K562,Silencer,-0.6481885
chr10,112927746,112932746,+,TCF7L2,112950246,K562,Silencer,-0.33891588
chr21,36397891,36402891,+,CHAF1B,36385391,K562,Silencer,-0.31550172
chr21,36437891,36442891,+,CHAF1B,36385391,K562,Silencer,-0.34619325
chr19,12428521,12433521,-,ZNF443,12441021,K562,Silencer,-0.5290771
chr9,91406332,91411332,-,NFIL3,91423832,K562,Silencer,-0.49511188
chr17,42679494,42684494,-,PLEKHH3,42676994,K562,Silencer,-0.33247867
chr17,42669494,42674494,-,PLEKHH3,42676994,K562,Silencer,-0.38925233
chr17,42664494,42669494,-,PLEKHH3,42676994,K562,Silencer,-0.32972115
chr8,66605794,66610794,-,MYBL1,66613294,K562,Silencer,-0.43085495
chr19,57975319,57980319,-,ZNF606,58002819,K562,Silencer,-0.661018
chr3,75733049,75738049,-,ZNF717,75785549,K562,Silencer,-0.4325289
chr19,2848974,2853974,+,ZNF555,2841474,K562,Silencer,-0.5421644
chr19,44155898,44160898,+,ZNF225,44113398,K562,Silencer,-0.35011038
chr1,45538655,45543655,-,ENSG00000288208,45491155,K562,Silencer,-0.31488684
chr1,45518655,45523655,-,ENSG00000288208,45491155,K562,Silencer,-0.36324167
chr1,45508655,45513655,-,ENSG00000288208,45491155,K562,Silencer,-0.3589756
chr1,45458655,45463655,-,ENSG00000288208,45491155,K562,Silencer,-0.38319492
chr1,45433655,45438655,-,ENSG00000288208,45491155,K562,Silencer,-0.35670677
chr19,57397507,57402507,+,ENSG00000269533,57390007,K562,Silencer,-0.42162523
chr19,57417507,57422507,+,ENSG00000269533,57390007,K562,Silencer,-0.39265695
chr9,101406350,101411350,+,ZNF189,101398850,K562,Silencer,-0.5073062
chr1,40444789,40449789,+,ZFP69,40477289,K562,Silencer,-0.46095237
chr1,40494789,40499789,+,ZFP69,40477289,K562,Silencer,-0.47730118
chr1,157120974,157125974,-,ETV3,157138474,K562,Silencer,-0.3195987
chr14,96419627,96424627,+,AK7,96392127,K562,Silencer,-0.32131037
chr14,96424627,96429627,+,AK7,96392127,K562,Silencer,-0.44871792
chr14,96434627,96439627,+,AK7,96392127,K562,Silencer,-0.37506905
chr17,15712276,15717276,+,ZNF286A,15699776,K562,Silencer,-0.5529366
chr19,58469579,58474579,+,ZNF324,58467079,K562,Silencer,-0.45377657
chr16,57571054,57576054,+,ADGRG1,57628554,K562,Silencer,-0.32055193
chr16,57606054,57611054,+,ADGRG1,57628554,K562,Silencer,-0.4678098
chr16,57666054,57671054,+,ADGRG1,57628554,K562,Silencer,-0.51032495
chr19,11377997,11382997,+,PLPPR2,11355497,K562,Silencer,-0.46585804
chr21,28922867,28927867,-,N6AMT1,28885367,K562,Silencer,-0.44694445
chr21,28897867,28902867,-,N6AMT1,28885367,K562,Silencer,-0.49750844
chr19,57616741,57621741,+,ZNF134,57614241,K562,Silencer,-0.7083602
chr19,57636741,57641741,+,ZNF134,57614241,K562,Silencer,-0.44897693
chr1,247154502,247159502,-,ZNF124,247172002,K562,Silencer,-0.3343304
chr19,53185858,53190858,-,ZNF665,53193358,K562,Silencer,-0.44874495
chr15,81336641,81341641,-,STARD5,81324141,K562,Silencer,-0.44985485
chr15,81311641,81316641,-,STARD5,81324141,K562,Silencer,-0.73826295
chr19,57376066,57381066,+,TRAPPC2B,57363566,K562,Silencer,-0.43120196
chr19,22849790,22854790,+,ZNF723,22832290,K562,Silencer,-0.4028627
chr19,22854790,22859790,+,ZNF723,22832290,K562,Silencer,-0.35668564
chr16,68561790,68566790,+,ZFP90,68539290,K562,Silencer,-0.5659183
chr19,57542312,57547312,-,ZNF550,57559812,K562,Silencer,-0.36480644
chr19,57537312,57542312,-,ZNF550,57559812,K562,Silencer,-0.31929815
chr5,132017079,132022079,-,ACSL6,131994579,K562,Silencer,-0.4217866
chr5,131937079,131942079,-,ACSL6,131994579,K562,Silencer,-0.3508182
chr15,45637528,45642528,+,SQOR,45635028,PC-3,Enhancer,0.37738466
chr19,12949723,12954723,-,GADD45GIP1,12957223,PC-3,Enhancer,0.46104202
chr17,75263727,75268727,-,MIF4GD,75271227,PC-3,Enhancer,0.3071638
chr3,40479641,40484641,+,ZNF619,40477141,PC-3,Enhancer,0.4816735
chr12,109085972,109090972,-,ALKBH2,109093472,PC-3,Enhancer,0.52153474
chr13,75525341,75530341,-,COMMD6,75537841,PC-3,Enhancer,0.32431307
chr9,18486668,18491668,+,ADAMTSL1,18474168,PC-3,Enhancer,0.382475
chr1,23793254,23798254,-,GALE,23800754,PC-3,Enhancer,0.59365743
chr3,48293894,48298894,-,NME6,48301394,PC-3,Enhancer,0.7340871
chr3,114034026,114039026,-,CCDC191,114056526,PC-3,Enhancer,0.3242731
chr17,50276965,50281965,+,TMEM92,50274465,PC-3,Enhancer,0.37612054
chrX,154401754,154406754,-,DNASE1L1,154409254,PC-3,Enhancer,0.42148912
chr10,46378175,46383175,+,ANXA8L1,46375675,PC-3,Enhancer,0.49818313
chr8,94254819,94259819,-,GEM,94262319,PC-3,Enhancer,0.35708758
chr12,6973420,6978420,+,ENSG00000290146,6970920,PC-3,Enhancer,0.49506825
chr11,228852,233852,-,SIRT3,236352,PC-3,Enhancer,0.3493446
chr16,82629469,82634469,+,CDH13,82626969,PC-3,Enhancer,0.52343416
chr15,84650699,84655699,-,NMB,84658199,PC-3,Enhancer,0.33861932
chr17,75208206,75213206,+,NUP85,75205706,PC-3,Enhancer,0.6049407
chr17,58211755,58216755,-,MKS1,58219255,PC-3,Enhancer,0.6232069
chr12,6768874,6773874,+,PTMS,6766374,PC-3,Enhancer,0.3021841
chr10,52316780,52321780,+,DKK1,52314280,PC-3,Enhancer,0.63373476
chr12,6973412,6978412,+,EMG1,6970912,PC-3,Enhancer,0.49021375
chr14,94113314,94118314,+,IFI27,94110814,PC-3,Enhancer,0.3549434
chr20,34948306,34953306,-,GSS,34955806,PC-3,Enhancer,0.37030745
chr17,59212534,59217534,+,SMG8,59210034,PC-3,Enhancer,0.37993744
chr8,143020982,143025982,+,LY6E,143018482,PC-3,Enhancer,0.31371647
chr5,169967995,169972995,-,INSYN2B,169980495,PC-3,Enhancer,0.33299646
chr15,32623003,32628003,+,ARHGAP11A,32615503,PC-3,Enhancer,0.42626405
chrY,22175423,22180423,-,RBMY1F,22182923,PC-3,Enhancer,0.357479
chr19,51012209,51017209,-,KLK10,51019709,PC-3,Enhancer,0.30129
chr5,40833807,40838807,+,CARD6,40841307,PC-3,Enhancer,0.38807282
chr9,127561573,127566573,-,NIBAN2,127569073,PC-3,Enhancer,0.31164476
chr22,21970287,21975287,-,TOP3B,21982787,PC-3,Enhancer,0.3021866
chr16,4797868,4802868,+,SMIM22,4795368,PC-3,Enhancer,0.32655933
chr19,57975319,57980319,-,ZNF606,58002819,PC-3,Silencer,-0.56042254
chr19,11947567,11952567,+,ZNF700,11925067,PC-3,Silencer,-0.426501
chr19,2848974,2853974,+,ZNF555,2841474,PC-3,Silencer,-0.4009006
chr19,58469555,58474555,+,ZNF324,58467055,PC-3,Silencer,-0.6131899
chr19,58454146,58459146,+,ZNF324B,58451646,PC-3,Silencer,-0.65360576
chr19,58469146,58474146,+,ZNF324B,58451646,PC-3,Silencer,-0.51582414
chr4,109451271,109456271,+,SEC24B,109433771,PC-3,Silencer,-0.34762353
chr4,109461271,109466271,+,SEC24B,109433771,PC-3,Silencer,-0.4605211
chr19,9340512,9345512,+,ZNF177,9363012,PC-3,Silencer,-0.48253742
chr19,9380512,9385512,+,ZNF177,9363012,PC-3,Silencer,-0.74209356
chr19,9410512,9415512,+,ZNF177,9363012,PC-3,Silencer,-0.4107245
chr19,2913427,2918427,+,ZNF57,2900927,PC-3,Silencer,-0.42633152
chr19,12428521,12433521,-,ZNF443,12441021,PC-3,Silencer,-0.50918067
chr19,57602384,57607384,+,ZNF530,57599884,PC-3,Silencer,-0.6148498
chr19,57617384,57622384,+,ZNF530,57599884,PC-3,Silencer,-0.6522627
chr19,57637384,57642384,+,ZNF530,57599884,PC-3,Silencer,-0.5641284
chr19,42078665,42083665,+,ZNF574,42076165,PC-3,Silencer,-0.5122722
chr9,111537688,111542688,+,ZNF483,111525188,PC-3,Silencer,-0.4866906
chr9,111542688,111547688,+,ZNF483,111525188,PC-3,Silencer,-0.33388916
chr9,111547688,111552688,+,ZNF483,111525188,PC-3,Silencer,-0.32493874
chr12,66309992,66314992,+,HELB,66302492,PC-3,Silencer,-0.3188514
chr19,57777175,57782175,+,ZNF586,57769675,PC-3,Silencer,-0.50993246
chr9,136937238,136942238,-,FBXW5,136944738,PC-3,Silencer,-0.37615564
chr19,57490270,57495270,+,ZNF419,57487770,PC-3,Silencer,-0.677635
chr19,57505270,57510270,+,ZNF419,57487770,PC-3,Silencer,-0.5115674
chr7,6689423,6694423,-,ZNF12,6706923,PC-3,Silencer,-0.6303576
chr19,56421020,56426020,-,ZNF582,56393520,PC-3,Silencer,-0.340738
chr19,56381020,56386020,-,ZNF582,56393520,PC-3,Silencer,-0.66758394
chr19,56376020,56381020,-,ZNF582,56393520,PC-3,Silencer,-0.59928805
chr19,56361020,56366020,-,ZNF582,56393520,PC-3,Silencer,-0.3179816
chr19,57571411,57576411,-,ZNF416,57578911,PC-3,Silencer,-0.72333187
chr19,57546411,57551411,-,ZNF416,57578911,PC-3,Silencer,-0.41852778
chr19,57684544,57689544,+,ENSG00000269026,57682044,PC-3,Silencer,-0.6689613
chr19,57699544,57704544,+,ENSG00000269026,57682044,PC-3,Silencer,-0.32568678
chr9,101406372,101411372,+,ZNF189,101398872,PC-3,Silencer,-0.44302407
chr19,57376050,57381050,+,ZNF547,57363550,PC-3,Silencer,-0.48433727
chr19,57684534,57689534,+,ZNF551,57682034,PC-3,Silencer,-0.64393
chr19,57689534,57694534,+,ZNF551,57682034,PC-3,Silencer,-0.32091975
chr19,57699534,57704534,+,ZNF551,57682034,PC-3,Silencer,-0.32395718
chr9,96755587,96760587,-,ZNF510,96778087,PC-3,Silencer,-0.5584857
chr19,36715111,36720111,+,ZNF567,36687611,PC-3,Silencer,-0.3965852
chr19,36720111,36725111,+,ZNF567,36687611,PC-3,Silencer,-0.4259456
chr19,57537434,57542434,+,ZNF773,57499934,PC-3,Silencer,-0.42244014
chr12,133008866,133013866,+,ZNF26,132986366,PC-3,Silencer,-0.6195924
chr19,57376066,57381066,+,TRAPPC2B,57363566,PC-3,Silencer,-0.43047556
chr7,5063410,5068410,+,RBAK-RBAKDN,5045910,PC-3,Silencer,-0.63461035
chr19,12185595,12190595,+,ZNF136,12163095,PC-3,Silencer,-0.42794672
chr19,12205595,12210595,+,ZNF136,12163095,PC-3,Silencer,-0.3452982
chr8,144928380,144933380,-,ZNF16,144950880,PC-3,Silencer,-0.49263814
chr10,43613925,43618925,+,ZNF485,43606425,PC-3,Silencer,-0.45586488
chr10,38116867,38121867,+,PLD5P1,38094367,PC-3,Silencer,-0.34486833
chr19,57376065,57381065,+,ENSG00000268133,57363565,PC-3,Silencer,-0.4804919
chr10,38116835,38121835,+,ZNF37A,38094335,PC-3,Silencer,-0.36245975
chr1,247036311,247041311,-,ZNF670,247078811,PC-3,Silencer,-0.3924624
chr19,57542312,57547312,-,ZNF550,57559812,PC-3,Silencer,-0.4874899
chr19,57537312,57542312,-,ZNF550,57559812,PC-3,Silencer,-0.5643764
chr7,5063359,5068359,+,RBAK,5045859,PC-3,Silencer,-0.63284993
chr19,9341678,9346678,+,ZNF559,9324178,PC-3,Silencer,-0.44257033
chr19,36510771,36515771,-,ZNF260,36528271,PC-3,Silencer,-0.5990312
chr19,9341673,9346673,+,ZNF559-ZNF177,9324173,PC-3,Silencer,-0.47975516
chr17,15712240,15717240,+,ZNF286A-TBC1D26,15699740,PC-3,Silencer,-0.57386917
chr19,44425972,44430972,-,ZNF229,44448472,PC-3,Silencer,-0.46653518
chr19,57287984,57292984,+,ZNF460,57280484,PC-3,Silencer,-0.5568227
chr19,44027878,44032878,+,ZNF222,44025378,PC-3,Silencer,-0.51064664
chr19,44062878,44067878,+,ZNF222,44025378,PC-3,Silencer,-0.31040236
chr19,44130898,44135898,+,ZNF225,44113398,PC-3,Silencer,-0.33048847
chr19,44155898,44160898,+,ZNF225,44113398,PC-3,Silencer,-0.3988777
chr17,15712276,15717276,+,ZNF286A,15699776,PC-3,Silencer,-0.6014519
chr1,157120974,157125974,-,ETV3,157138474,PC-3,Silencer,-0.33273935
chr4,157037,162037,+,ZNF718,124537,PC-3,Silencer,-0.6427819
chr4,162037,167037,+,ZNF718,124537,PC-3,Silencer,-0.36475667
chr19,57209036,57214036,+,ZNF264,57191536,PC-3,Silencer,-0.61625075
chr18,35243536,35248536,+,ZNF397,35241036,PC-3,Silencer,-0.38755143
chr19,34680146,34685146,+,ZNF302,34677646,PC-3,Silencer,-0.428676
chr19,34685146,34690146,+,ZNF302,34677646,PC-3,Silencer,-0.50596255
chr12,133199013,133204013,+,ZNF268,133181513,PC-3,Silencer,-0.53495747
chr12,133204013,133209013,+,ZNF268,133181513,PC-3,Silencer,-0.31462824
chr19,44010456,44015456,+,ZNF230,44002956,PC-3,Silencer,-0.5814222
chr19,44030456,44035456,+,ZNF230,44002956,PC-3,Silencer,-0.47636908
chr19,44287525,44292525,-,ZNF235,44305025,PC-3,Silencer,-0.37940618
chr3,44592518,44597518,+,ZNF197,44625018,PC-3,Silencer,-0.32358015
chr3,44642518,44647518,+,ZNF197,44625018,PC-3,Silencer,-0.66455686
chr3,44657518,44662518,+,ZNF197,44625018,PC-3,Silencer,-0.53029615
chr19,9413071,9418071,-,ZNF266,9435571,PC-3,Silencer,-0.44409522
chr19,9486116,9491116,-,ZNF560,9498616,PC-3,Silencer,-0.47948802
chr19,9466116,9471116,-,ZNF560,9498616,PC-3,Silencer,-0.32372695
chr17,18659814,18664814,-,FOXO3B,18682314,PC-3,Silencer,-0.61782914
chr2,108466606,108471606,+,GCC2,108449106,PC-3,Silencer,-0.37602267
chr1,247036778,247041778,-,ZNF669,247104278,PC-3,Silencer,-0.3282081
chr2,233837035,233842035,-,HJURP,233854535,PC-3,Silencer,-0.41833144
chr3,42608242,42613242,+,NKTR,42600742,PC-3,Silencer,-0.3014017
chr3,42638242,42643242,+,NKTR,42600742,PC-3,Silencer,-0.40901312
chr3,160437329,160442329,-,ENSG00000248710,160449829,PC-3,Silencer,-0.3839071
chr18,35302732,35307732,-,ZSCAN30,35290232,PC-3,Silencer,-0.5792915
chr2,189664020,189669020,+,ASDURF,189661520,PC-3,Silencer,-0.47954953
chr2,189663884,189668884,+,ASNSD1,189661384,PC-3,Silencer,-0.3894889
chr2,189664018,189669018,+,ENSG00000286165,189661518,PC-3,Silencer,-0.46708372
