,Unnamed: 0,(MUT - CONTROL) / WT,(MUT - CONTROL) / CONTROL,seq_id,control,wt,mut,tile_start,tile_end,context,cell_line,Normalized CRE effect,tile class
1479,51,0.374,5.227,CHD2_chr15_92900323_+,1.597,22.31,9.94,264644,269644,enhancing,K562,0.374,Enhancer
2092,52,0.4146,3.84,MYL4_chr17_47209347_+,2.543,23.56,12.31,269644,274644,enhancing,K562,0.4146,Enhancer
3927,51,0.3206,2.777,ADAMTSL4_chr1_150549368_+,2.88,24.95,10.88,264644,269644,enhancing,K562,0.3206,Enhancer
12291,51,0.372,3.307,GPATCH1_chr19_33081180_+,4.234,37.62,18.23,264644,269644,enhancing,K562,0.372,Enhancer
12903,51,0.417,4.168,ENSG00000276302_chr6_28267120_+,3.861,38.6,19.95,264644,269644,enhancing,K562,0.417,Enhancer
14024,50,0.3152,11.555,NFE2_chr12_54301015_-,1.141,41.8,14.32,254644,259644,enhancing,K562,0.3152,Enhancer
14943,51,0.3853,5.69,CHMP6_chr17_80991840_+,2.979,44.0,19.94,264644,269644,enhancing,K562,0.3853,Enhancer
16473,51,0.3452,6.35,MTFP1_chr22_30425767_+,2.61,48.03,19.19,264644,269644,enhancing,K562,0.3452,Enhancer
16984,52,0.3147,3.197,MPST_chr22_37019741_+,4.832,49.1,20.28,269644,274644,enhancing,K562,0.3147,Enhancer
17595,51,0.329,4.023,FHL3_chr1_38005514_-,4.2,51.3,21.1,264644,269644,enhancing,K562,0.329,Enhancer
19125,51,0.4646,4.727,NUP85_chr17_75205678_+,5.414,55.1,31.02,264644,269644,enhancing,K562,0.4646,Enhancer
21777,51,0.33,3.922,PAFAH1B3_chr19_42302624_-,5.035,59.8,24.78,264644,269644,enhancing,K562,0.33,Enhancer
21981,51,0.3242,9.734,SLC35B1_chr17_49707964_-,2.0,60.03,21.47,264644,269644,enhancing,K562,0.3242,Enhancer
22899,51,0.333,3.387,ANAPC13_chr3_134485989_-,6.19,62.97,27.16,264644,269644,enhancing,K562,0.333,Enhancer
23306,50,0.3638,5.355,ENSG00000258529_chr11_111879425_-,4.45,65.5,28.28,254644,259644,enhancing,K562,0.3638,Enhancer
23613,51,0.3745,3.266,RAB3D_chr19_11346270_-,7.57,66.0,32.28,264644,269644,enhancing,K562,0.3745,Enhancer
25143,51,0.3105,3.398,EMC4_chr15_34225015_+,6.867,75.2,30.22,264644,269644,enhancing,K562,0.3105,Enhancer
26266,52,0.529,4.977,DUT_chr15_48332209_+,8.49,79.9,50.75,269644,274644,enhancing,K562,0.529,Enhancer
26381,65,0.3997,3.445,PARP6_chr15_72272554_-,9.29,80.06,41.28,334644,339644,enhancing,K562,0.3997,Enhancer
26979,51,0.3982,3.957,KRTCAP2_chr1_155173254_-,8.58,85.25,42.53,264644,269644,enhancing,K562,0.3982,Enhancer
27591,51,0.3145,3.395,CDIPT_chr16_29863204_-,8.555,92.3,37.6,264644,269644,enhancing,K562,0.3145,Enhancer
45,45,-0.3435,-0.2257,RRN3_chr16_15094311_-,31.64,20.78,24.5,229644,234644,silencing,K562,-0.2257,Silencer
49,49,-0.2625,-0.2179,RRN3_chr16_15094311_-,25.03,20.78,19.58,249644,254644,silencing,K562,-0.2179,Silencer
460,52,-0.4663,-0.3264,ZNF549_chr19_57527355_+,30.16,21.11,20.31,269644,274644,silencing,K562,-0.3264,Silencer
564,54,-0.2686,-0.297,FOXO3B_chr17_18682314_-,19.17,21.2,13.48,279644,284644,neutral,K562,-0.297,Silencer
870,54,-0.2722,-0.1907,ZNF229_chr19_44448472_-,30.48,21.36,24.67,279644,284644,silencing,K562,-0.1907,Silencer
969,51,-0.3376,-0.2229,ENSG00000267022_chr19_44025353_+,32.94,21.75,25.6,264644,269644,silencing,K562,-0.2229,Silencer
2703,51,-0.3567,-0.2266,ZNF222_chr19_44025341_+,37.66,23.92,29.12,264644,269644,silencing,K562,-0.2266,Silencer
2807,53,-0.1575,-0.1704,ZNF235_chr19_44305025_-,22.38,24.2,18.56,274644,279644,neutral,K562,-0.1704,Silencer
3344,80,-0.14,-0.166,HIC2_chr22_21417370_+,20.61,24.44,17.19,409644,414644,neutral,K562,-0.166,Silencer
3600,30,-0.2625,-0.1887,ZNF461_chr19_36666837_-,34.2,24.6,27.73,154644,159644,silencing,K562,-0.1887,Silencer
3726,54,-0.3657,-0.2255,ZNF256_chr19_57947675_-,40.12,24.73,31.08,279644,284644,silencing,K562,-0.2255,Silencer
4540,52,-0.3076,-0.2445,ZNF844_chr19_12064730_+,32.97,26.2,24.9,269644,274644,silencing,K562,-0.2445,Silencer
8728,58,-0.1879,-0.1702,ZNF773_chr19_57499914_+,34.53,31.27,28.66,299644,304644,neutral,K562,-0.1702,Silencer
8928,54,-0.2432,-0.285,ZNF283_chr19_43827377_+,27.48,32.2,19.66,279644,284644,neutral,K562,-0.285,Silencer
11377,55,-0.1987,-0.1764,PLD5P1_chr10_38094367_+,40.56,36.0,33.4,284644,289644,silencing,K562,-0.1764,Silencer
14127,51,-0.1421,-0.1572,MAPK7_chr17_19378497_+,37.88,41.9,31.92,264644,269644,neutral,K562,-0.1572,Silencer
